loan_id,probabilities,next_state,anomaly_score,exception_type,drivers,action,confidence
100170629113,"{""next_3m_delinquency_flag"": 0.7627118825912476, ""next_6m_delinquency_flag"": 0.7631579041481018, ""next_12m_default_flag"": 0.00041254126699641347, ""next_12m_prepayment_flag"": 0.015909090638160706}",Delinquent,0.08130911638575725,None,"[""loan_age_months"", ""dpd_mean_6m"", ""credit_risk_score""]",Auto-Approve,0.9999994039535522
100170629113,"{""next_3m_delinquency_flag"": 0.7627118825912476, ""next_6m_delinquency_flag"": 0.7631579041481018, ""next_12m_default_flag"": 0.00041254126699641347, ""next_12m_prepayment_flag"": 0.015909090638160706}",Delinquent,0.017334792763301944,None,"[""dti""]",Auto-Approve,0.9999992847442627
100170629113,"{""next_3m_delinquency_flag"": 0.7627118825912476, ""next_6m_delinquency_flag"": 0.7631579041481018, ""next_12m_default_flag"": 0.00041254126699641347, ""next_12m_prepayment_flag"": 0.015909090638160706}",Delinquent,0.04556854606538038,None,"[""vintage_quarter"", ""credit_score""]",Auto-Approve,0.9999994039535522
100170629113,"{""next_3m_delinquency_flag"": 0.7032257914543152, ""next_6m_delinquency_flag"": 0.7631579041481018, ""next_12m_default_flag"": 0.00041254126699641347, ""next_12m_prepayment_flag"": 0.015909090638160706}",Delinquent,0.028381891442841745,None,"[""high_dti_flag"", ""dlqhist_x_ltv"", ""dti_x_rate""]",Auto-Approve,0.9999994039535522
100170629113,"{""next_3m_delinquency_flag"": 0.8962655663490295, ""next_6m_delinquency_flag"": 0.853781521320343, ""next_12m_default_flag"": 0.00041254126699641347, ""next_12m_prepayment_flag"": 0.015909090638160706}",Delinquent,0.00679291485335487,None,"[""amortisation_gap"", ""amortgap_x_rate"", ""is_seasoned""]",Auto-Approve,1.0
100170629113,"{""next_3m_delinquency_flag"": 0.8962655663490295, ""next_6m_delinquency_flag"": 0.7631579041481018, ""next_12m_default_flag"": 0.00041254126699641347, ""next_12m_prepayment_flag"": 0.015909090638160706}",Delinquent,0.07837186881595093,None,"[""dpd_mean_12m"", ""original_balance""]",Auto-Approve,0.9999996423721313
100170629113,"{""next_3m_delinquency_flag"": 0.7032257914543152, ""next_6m_delinquency_flag"": 0.7631579041481018, ""next_12m_default_flag"": 0.00041254126699641347, ""next_12m_prepayment_flag"": 0.015909090638160706}",Delinquent,0.022907802289655766,None,"[""ever_forbearance"", ""dti_x_rate""]",Auto-Approve,0.9999991655349731
100170629113,"{""next_3m_delinquency_flag"": 0.7032257914543152, ""next_6m_delinquency_flag"": 0.5648854970932007, ""next_12m_default_flag"": 0.00041254126699641347, ""next_12m_prepayment_flag"": 0.015909090638160706}",Delinquent,0.058521465650454234,None,"[""n_hard_failures""]",Auto-Approve,0.9999991655349731
100170629113,"{""next_3m_delinquency_flag"": 0.7032257914543152, ""next_6m_delinquency_flag"": 0.5648854970932007, ""next_12m_default_flag"": 0.00041254126699641347, ""next_12m_prepayment_flag"": 0.015909090638160706}",Delinquent,0.004018883310793842,None,"[""ever_forbearance"", ""high_dti_flag""]",Auto-Approve,0.9999992847442627
100170629113,"{""next_3m_delinquency_flag"": 0.7032257914543152, ""next_6m_delinquency_flag"": 0.5648854970932007, ""next_12m_default_flag"": 0.00041254126699641347, ""next_12m_prepayment_flag"": 0.015909090638160706}",Delinquent,0.0241807221643086,None,"[""subprime_flag"", ""ever_modified""]",Auto-Approve,0.9999992847442627
100170629113,"{""next_3m_delinquency_flag"": 0.4375, ""next_6m_delinquency_flag"": 0.46206897497177124, ""next_12m_default_flag"": 0.00041254126699641347, ""next_12m_prepayment_flag"": 0.015909090638160706}",Delinquent,0.021370472508533436,None,"[""high_dti_flag"", ""co_borrower_credit_score""]",Auto-Approve,0.999996542930603
100170629113,"{""next_3m_delinquency_flag"": 0.5597826242446899, ""next_6m_delinquency_flag"": 0.46206897497177124, ""next_12m_default_flag"": 0.00041254126699641347, ""next_12m_prepayment_flag"": 0.015909090638160706}",Delinquent,0.06282860191392113,None,"[""dti_x_rate"", ""co_borrower_credit_score"", ""non_interest_bearing_upb""]",Auto-Approve,0.9999970197677612
100948053631,"{""next_3m_delinquency_flag"": 0.006165960803627968, ""next_6m_delinquency_flag"": 0.8269230723381042, ""next_12m_default_flag"": 0.5661918520927429, ""next_12m_prepayment_flag"": 0.015909090638160706}",Delinquent,0.026845742041955445,None,"[""dpd_mean_3m"", ""homeready_flag"", ""cum_delinquent_months"", ""ever_delinquent""]",Review,1.0
100948053631,"{""next_3m_delinquency_flag"": 0.006703584920614958, ""next_6m_delinquency_flag"": 0.8295454382896423, ""next_12m_default_flag"": 0.6610878705978394, ""next_12m_prepayment_flag"": 0.015909090638160706}",Delinquent,0.0906204537171888,None,"[""dpd_lag_1""]",Review,1.0
100948053631,"{""next_3m_delinquency_flag"": 0.004848815035074949, ""next_6m_delinquency_flag"": 0.24193547666072845, ""next_12m_default_flag"": 0.0028484794311225414, ""next_12m_prepayment_flag"": 0.015909090638160706}",Delinquent,0.00563527429810663,None,"[""dti"", ""deferred_balance_pct"", ""num_units"", ""dpd_lag_1""]",Auto-Approve,0.9999998807907104
100948053631,"{""next_3m_delinquency_flag"": 0.004848815035074949, ""next_6m_delinquency_flag"": 0.12286689132452011, ""next_12m_default_flag"": 0.0028484794311225414, ""next_12m_prepayment_flag"": 0.015909090638160706}",Delinquent,0.0007802425369945465,None,[],Auto-Approve,0.9999998807907104
100948053631,"{""next_3m_delinquency_flag"": 0.004848815035074949, ""next_6m_delinquency_flag"": 0.059907834976911545, ""next_12m_default_flag"": 0.0022395739797502756, ""next_12m_prepayment_flag"": 0.015909090638160706}",Delinquent,0.08417817831351021,None,"[""amortisation_gap"", ""n_hard_failures"", ""original_balance""]",Auto-Approve,0.9999998807907104
100948053631,"{""next_3m_delinquency_flag"": 0.004848815035074949, ""next_6m_delinquency_flag"": 0.6214967966079712, ""next_12m_default_flag"": 0.3513513505458832, ""next_12m_prepayment_flag"": 0.015909090638160706}",Delinquent,0.00301930294125925,None,"[""dti_x_rate"", ""cum_missed_payments"", ""ever_forbearance"", ""vintage_quarter"", ""principal_forgiveness""]",Review,1.0
100948053631,"{""next_3m_delinquency_flag"": 0.004848815035074949, ""next_6m_delinquency_flag"": 0.4423076808452606, ""next_12m_default_flag"": 0.004430811386555433, ""next_12m_prepayment_flag"": 0.015909090638160706}",Delinquent,0.002942092591395673,None,"[""loan_age_months"", ""ltv"", ""month_index"", ""credit_score"", ""dpd_max_6m""]",Auto-Approve,1.0
100948053631,"{""next_3m_delinquency_flag"": 0.004848815035074949, ""next_6m_delinquency_flag"": 0.37931033968925476, ""next_12m_default_flag"": 0.0022395739797502756, ""next_12m_prepayment_flag"": 0.015909090638160706}",Delinquent,0.002268395637772991,None,"[""dlqhist_x_ltv"", ""credit_risk_score""]",Auto-Approve,1.0
100948053631,"{""next_3m_delinquency_flag"": 0.03078450821340084, ""next_6m_delinquency_flag"": 0.46206897497177124, ""next_12m_default_flag"": 0.0007804370252415538, ""next_12m_prepayment_flag"": 0.015909090638160706}",Delinquent,0.09894390941990458,None,"[""dlq_months"", ""dpd_max_3m"", ""dlq_status_unreported""]",Auto-Approve,1.0
100948053631,"{""next_3m_delinquency_flag"": 0.004848815035074949, ""next_6m_delinquency_flag"": 0.24193547666072845, ""next_12m_default_flag"": 0.00041254126699641347, ""next_12m_prepayment_flag"": 0.015909090638160706}",Delinquent,0.059013923117472826,None,"[""forbearance_flag"", ""homeready_flag""]",Auto-Approve,1.0
100948053631,"{""next_3m_delinquency_flag"": 0.004848815035074949, ""next_6m_delinquency_flag"": 0.24193547666072845, ""next_12m_default_flag"": 0.0006000599823892117, ""next_12m_prepayment_flag"": 0.015909090638160706}",Delinquent,0.07262062523948822,None,"[""amortgap_x_rate"", ""mi_pct"", ""original_balance"", ""ever_delinquent""]",Auto-Approve,1.0
100948053631,"{""next_3m_delinquency_flag"": 0.006703584920614958, ""next_6m_delinquency_flag"": 0.33834585547447205, ""next_12m_default_flag"": 0.0006000599823892117, ""next_12m_prepayment_flag"": 0.015909090638160706}",Delinquent,0.011143732067933433,None,"[""subprime_flag"", ""credit_x_dti""]",Auto-Approve,1.0
101455016338,"{""next_3m_delinquency_flag"": 0.004848815035074949, ""next_6m_delinquency_flag"": 0.004885133355855942, ""next_12m_default_flag"": 0.00041254126699641347, ""next_12m_prepayment_flag"": 0.2646007239818573}",Prepaid,0.059700632787748675,None,"[""dti"", ""co_borrower_credit_score"", ""current_interest_rate""]",Auto-Approve,0.9999958276748657
101455016338,"{""next_3m_delinquency_flag"": 0.004848815035074949, ""next_6m_delinquency_flag"": 0.004885133355855942, ""next_12m_default_flag"": 0.00041254126699641347, ""next_12m_prepayment_flag"": 0.2646007239818573}",Prepaid,0.007950119749579565,None,[],Auto-Approve,0.9999970197677612
101455016338,"{""next_3m_delinquency_flag"": 0.004848815035074949, ""next_6m_delinquency_flag"": 0.004885133355855942, ""next_12m_default_flag"": 0.00041254126699641347, ""next_12m_prepayment_flag"": 0.2646007239818573}",Prepaid,0.058648900905716644,None,"[""amortgap_x_rate"", ""ever_delinquent""]",Auto-Approve,0.9999979734420776
101455016338,"{""next_3m_delinquency_flag"": 0.004848815035074949, ""next_6m_delinquency_flag"": 0.004885133355855942, ""next_12m_default_flag"": 0.00041254126699641347, ""next_12m_prepayment_flag"": 0.2646007239818573}",Prepaid,0.012627893571754546,None,"[""rate_gap"", ""remaining_term_months""]",Auto-Approve,0.9999985694885254
101455016338,"{""next_3m_delinquency_flag"": 0.004848815035074949, ""next_6m_delinquency_flag"": 0.004885133355855942, ""next_12m_default_flag"": 0.00041254126699641347, ""next_12m_prepayment_flag"": 0.2646007239818573}",Prepaid,0.0077359438653308195,None,"[""non_interest_bearing_upb""]",Auto-Approve,0.999998927116394
101455016338,"{""next_3m_delinquency_flag"": 0.004848815035074949, ""next_6m_delinquency_flag"": 0.004885133355855942, ""next_12m_default_flag"": 0.00041254126699641347, ""next_12m_prepayment_flag"": 0.2646007239818573}",Prepaid,0.031587232116457066,None,"[""scheduled_principal"", ""balance_unrecoverable"", ""combined_ltv"", ""forbearance_months""]",Auto-Approve,0.9999992847442627
101455016338,"{""next_3m_delinquency_flag"": 0.004848815035074949, ""next_6m_delinquency_flag"": 0.004885133355855942, ""next_12m_default_flag"": 0.00041254126699641347, ""next_12m_prepayment_flag"": 0.2646007239818573}",Prepaid,0.08637356141541828,None,"[""remaining_balance_pct""]",Auto-Approve,0.9999994039535522
101455016338,"{""next_3m_delinquency_flag"": 0.004848815035074949, ""next_6m_delinquency_flag"": 0.004885133355855942, ""next_12m_default_flag"": 0.00041254126699641347, ""next_12m_prepayment_flag"": 0.2646007239818573}",Prepaid,0.050890543436388394,None,"[""rate_gap""]",Auto-Approve,0.9999996423721313
101455016338,"{""next_3m_delinquency_flag"": 0.004848815035074949, ""next_6m_delinquency_flag"": 0.004885133355855942, ""next_12m_default_flag"": 0.00041254126699641347, ""next_12m_prepayment_flag"": 0.2646007239818573}",Prepaid,0.05545430253814196,None,"[""loan_age_months"", ""term_elapsed_pct"", ""dlqhist_x_ltv""]",Auto-Approve,0.9999997615814209
101455016338,"{""next_3m_delinquency_flag"": 0.004848815035074949, ""next_6m_delinquency_flag"": 0.004885133355855942, ""next_12m_default_flag"": 0.00041254126699641347, ""next_12m_prepayment_flag"": 0.2646007239818573}",Prepaid,0.05731807270338932,None,"[""dlq_months"", ""dpd_max_12m"", ""balance_unrecoverable""]",Auto-Approve,0.9999997615814209
101455016338,"{""next_3m_delinquency_flag"": 0.004848815035074949, ""next_6m_delinquency_flag"": 0.004885133355855942, ""next_12m_default_flag"": 0.00041254126699641347, ""next_12m_prepayment_flag"": 0.2646007239818573}",Prepaid,0.03177650461206081,None,"[""dpd_max_6m"", ""dpd_delta_1m""]",Auto-Approve,0.9999998807907104
101455016338,"{""next_3m_delinquency_flag"": 0.004848815035074949, ""next_6m_delinquency_flag"": 0.004885133355855942, ""next_12m_default_flag"": 0.00041254126699641347, ""next_12m_prepayment_flag"": 0.2646007239818573}",Prepaid,0.005896320141832401,None,"[""months_since_modification"", ""balance_reduction_ratio"", ""amortisation_gap"", ""loan_age_months"", ""loan_utilization""]",Auto-Approve,0.9999998807907104
101712157816,"{""next_3m_delinquency_flag"": 0.004848815035074949, ""next_6m_delinquency_flag"": 0.004885133355855942, ""next_12m_default_flag"": 0.00041254126699641347, ""next_12m_prepayment_flag"": 0.2646007239818573}",Prepaid,0.05816598321198322,None,"[""loan_age_months""]",Auto-Approve,0.999997615814209
101712157816,"{""next_3m_delinquency_flag"": 0.004848815035074949, ""next_6m_delinquency_flag"": 0.004885133355855942, ""next_12m_default_flag"": 0.00041254126699641347, ""next_12m_prepayment_flag"": 0.2646007239818573}",Prepaid,0.015782417150033524,None,"[""vintage_quarter"", ""loan_utilization""]",Auto-Approve,0.9999982118606567
101712157816,"{""next_3m_delinquency_flag"": 0.004848815035074949, ""next_6m_delinquency_flag"": 0.004885133355855942, ""next_12m_default_flag"": 0.00041254126699641347, ""next_12m_prepayment_flag"": 0.2646007239818573}",Prepaid,0.030543208909554222,None,"[""deferred_balance_pct"", ""high_balance_flag""]",Auto-Approve,0.9999985694885254
101712157816,"{""next_3m_delinquency_flag"": 0.004848815035074949, ""next_6m_delinquency_flag"": 0.004885133355855942, ""next_12m_default_flag"": 0.00041254126699641347, ""next_12m_prepayment_flag"": 0.2646007239818573}",Prepaid,0.029819201058895396,None,"[""dpd_mean_12m"", ""cum_delinquent_months""]",Auto-Approve,0.999998927116394
101712157816,"{""next_3m_delinquency_flag"": 0.004848815035074949, ""next_6m_delinquency_flag"": 0.004885133355855942, ""next_12m_default_flag"": 0.00041254126699641347, ""next_12m_prepayment_flag"": 0.2646007239818573}",Prepaid,0.06992271780261541,None,"[""current_interest_rate"", ""equity_cushion""]",Auto-Approve,0.9999991655349731
101712157816,"{""next_3m_delinquency_flag"": 0.004848815035074949, ""next_6m_delinquency_flag"": 0.004885133355855942, ""next_12m_default_flag"": 0.00041254126699641347, ""next_12m_prepayment_flag"": 0.2646007239818573}",Prepaid,0.030061916510767984,None,"[""dlq_months"", ""high_balance_flag""]",Auto-Approve,0.9999994039535522
101712157816,"{""next_3m_delinquency_flag"": 0.004848815035074949, ""next_6m_delinquency_flag"": 0.004885133355855942, ""next_12m_default_flag"": 0.00041254126699641347, ""next_12m_prepayment_flag"": 0.2646007239818573}",Prepaid,0.008344822141710284,None,"[""credit_risk_score"", ""balance_imputed""]",Auto-Approve,0.9999995231628418
101712157816,"{""next_3m_delinquency_flag"": 0.004848815035074949, ""next_6m_delinquency_flag"": 0.004885133355855942, ""next_12m_default_flag"": 0.00041254126699641347, ""next_12m_prepayment_flag"": 0.2646007239818573}",Prepaid,0.09279197184661017,None,"[""remaining_balance_pct""]",Auto-Approve,0.9999996423721313
101712157816,"{""next_3m_delinquency_flag"": 0.004848815035074949, ""next_6m_delinquency_flag"": 0.004885133355855942, ""next_12m_default_flag"": 0.00041254126699641347, ""next_12m_prepayment_flag"": 0.2646007239818573}",Prepaid,0.06383541733625554,None,"[""dlq_months""]",Auto-Approve,0.9999997615814209
101712157816,"{""next_3m_delinquency_flag"": 0.004848815035074949, ""next_6m_delinquency_flag"": 0.004885133355855942, ""next_12m_default_flag"": 0.00041254126699641347, ""next_12m_prepayment_flag"": 0.2646007239818573}",Prepaid,0.012730532275340878,None,"[""forbearance_flag""]",Auto-Approve,0.9999997615814209
101712157816,"{""next_3m_delinquency_flag"": 0.004848815035074949, ""next_6m_delinquency_flag"": 0.004885133355855942, ""next_12m_default_flag"": 0.00041254126699641347, ""next_12m_prepayment_flag"": 0.2646007239818573}",Prepaid,0.009575972903131669,None,"[""dlq_status_unreported"", ""credit_risk_score"", ""delinquent_months_3m""]",Auto-Approve,0.9999998807907104
101712157816,"{""next_3m_delinquency_flag"": 0.004848815035074949, ""next_6m_delinquency_flag"": 0.004885133355855942, ""next_12m_default_flag"": 0.00041254126699641347, ""next_12m_prepayment_flag"": 0.2646007239818573}",Prepaid,0.02213987164623752,None,"[""dpd_mean_12m""]",Auto-Approve,0.9999998807907104
101725753571,"{""next_3m_delinquency_flag"": 0.004848815035074949, ""next_6m_delinquency_flag"": 0.004885133355855942, ""next_12m_default_flag"": 0.00041254126699641347, ""next_12m_prepayment_flag"": 0.2646007239818573}",Prepaid,0.018550262436186515,None,"[""high_balance_flag"", ""ever_delinquent"", ""months_since_modification"", ""loan_age_risk""]",Auto-Approve,0.9999998807907104
101725753571,"{""next_3m_delinquency_flag"": 0.004848815035074949, ""next_6m_delinquency_flag"": 0.004885133355855942, ""next_12m_default_flag"": 0.00041254126699641347, ""next_12m_prepayment_flag"": 0.2646007239818573}",Prepaid,0.09422017719896134,None,"[""balance_imputed"", ""remaining_balance_pct""]",Auto-Approve,0.9999998807907104
101725753571,"{""next_3m_delinquency_flag"": 0.004848815035074949, ""next_6m_delinquency_flag"": 0.004885133355855942, ""next_12m_default_flag"": 0.00041254126699641347, ""next_12m_prepayment_flag"": 0.2646007239818573}",Prepaid,0.0376476609471504,None,"[""non_interest_bearing_upb"", ""dpd_mean_3m"", ""dpd_mean_12m""]",Auto-Approve,0.9999998807907104
101725753571,"{""next_3m_delinquency_flag"": 0.004848815035074949, ""next_6m_delinquency_flag"": 0.004885133355855942, ""next_12m_default_flag"": 0.00041254126699641347, ""next_12m_prepayment_flag"": 0.2646007239818573}",Prepaid,0.027920913304041475,None,"[""dpd_max_3m"", ""ever_modified""]",Auto-Approve,1.0
101725753571,"{""next_3m_delinquency_flag"": 0.004848815035074949, ""next_6m_delinquency_flag"": 0.004885133355855942, ""next_12m_default_flag"": 0.00041254126699641347, ""next_12m_prepayment_flag"": 0.2646007239818573}",Prepaid,0.05031755517545766,None,"[""delinquent_months_3m""]",Auto-Approve,1.0
101725753571,"{""next_3m_delinquency_flag"": 0.004848815035074949, ""next_6m_delinquency_flag"": 0.004885133355855942, ""next_12m_default_flag"": 0.00041254126699641347, ""next_12m_prepayment_flag"": 0.2646007239818573}",Prepaid,0.029498666568275413,None,"[""high_ltv_flag"", ""credit_x_dti"", ""credit_x_ltv"", ""loan_age_risk""]",Auto-Approve,1.0
101725753571,"{""next_3m_delinquency_flag"": 0.004848815035074949, ""next_6m_delinquency_flag"": 0.004885133355855942, ""next_12m_default_flag"": 0.00041254126699641347, ""next_12m_prepayment_flag"": 0.2646007239818573}",Prepaid,0.0023902297869620396,None,"[""months_since_modification"", ""balance_imputed""]",Auto-Approve,1.0
101725753571,"{""next_3m_delinquency_flag"": 0.004848815035074949, ""next_6m_delinquency_flag"": 0.004885133355855942, ""next_12m_default_flag"": 0.00041254126699641347, ""next_12m_prepayment_flag"": 0.2646007239818573}",Prepaid,0.0084334875185321,None,"[""remaining_term_months"", ""dpd_max_12m"", ""cum_delinquent_months""]",Auto-Approve,1.0
101725753571,"{""next_3m_delinquency_flag"": 0.004848815035074949, ""next_6m_delinquency_flag"": 0.004885133355855942, ""next_12m_default_flag"": 0.00041254126699641347, ""next_12m_prepayment_flag"": 0.2646007239818573}",Prepaid,0.010498677135378288,None,"[""forbearance_flag"", ""dti_x_rate""]",Auto-Approve,1.0
101725753571,"{""next_3m_delinquency_flag"": 0.004848815035074949, ""next_6m_delinquency_flag"": 0.004885133355855942, ""next_12m_default_flag"": 0.00041254126699641347, ""next_12m_prepayment_flag"": 0.2646007239818573}",Prepaid,0.0106087438506971,None,"[""credit_x_dti""]",Auto-Approve,1.0
101725753571,"{""next_3m_delinquency_flag"": 0.004848815035074949, ""next_6m_delinquency_flag"": 0.004885133355855942, ""next_12m_default_flag"": 0.00041254126699641347, ""next_12m_prepayment_flag"": 0.2646007239818573}",Prepaid,0.022748814674851316,None,"[""forbearance_months"", ""debt_burden"", ""subprime_flag"", ""amortisation_gap""]",Auto-Approve,1.0
101725753571,"{""next_3m_delinquency_flag"": 0.004848815035074949, ""next_6m_delinquency_flag"": 0.004885133355855942, ""next_12m_default_flag"": 0.00041254126699641347, ""next_12m_prepayment_flag"": 0.2646007239818573}",Prepaid,0.04588068710507101,None,"[""loan_age_risk"", ""non_interest_bearing_upb"", ""cum_missed_payments""]",Auto-Approve,1.0
101842449033,"{""next_3m_delinquency_flag"": 0.004848815035074949, ""next_6m_delinquency_flag"": 0.004885133355855942, ""next_12m_default_flag"": 0.00041254126699641347, ""next_12m_prepayment_flag"": 0.2646007239818573}",Prepaid,0.02296537009719908,None,"[""amortisation_gap"", ""mi_pct"", ""high_ltv_flag""]",Auto-Approve,0.9999991655349731
101842449033,"{""next_3m_delinquency_flag"": 0.004848815035074949, ""next_6m_delinquency_flag"": 0.004885133355855942, ""next_12m_default_flag"": 0.00041254126699641347, ""next_12m_prepayment_flag"": 0.2646007239818573}",Prepaid,0.011682700771168043,None,"[""loan_age_risk"", ""credit_score"", ""vintage_quarter""]",Auto-Approve,0.9999994039535522
101842449033,"{""next_3m_delinquency_flag"": 0.004848815035074949, ""next_6m_delinquency_flag"": 0.004885133355855942, ""next_12m_default_flag"": 0.00041254126699641347, ""next_12m_prepayment_flag"": 0.2646007239818573}",Prepaid,0.08908062021522628,None,"[""balance_imputed"", ""delinquent_months_6m""]",Auto-Approve,0.9999995231628418
101842449033,"{""next_3m_delinquency_flag"": 0.004848815035074949, ""next_6m_delinquency_flag"": 0.004885133355855942, ""next_12m_default_flag"": 0.00041254126699641347, ""next_12m_prepayment_flag"": 0.2646007239818573}",Prepaid,0.007638018296618665,None,"[""high_ltv_flag"", ""amortgap_x_rate"", ""vintage_quarter"", ""current_interest_rate"", ""dpd_max_12m""]",Auto-Approve,0.9999996423721313
101842449033,"{""next_3m_delinquency_flag"": 0.004848815035074949, ""next_6m_delinquency_flag"": 0.004885133355855942, ""next_12m_default_flag"": 0.00041254126699641347, ""next_12m_prepayment_flag"": 0.2646007239818573}",Prepaid,0.06633420973331813,None,"[""loan_utilization"", ""dlqhist_x_ltv"", ""dpd_delta_1m""]",Auto-Approve,0.9999997615814209
101842449033,"{""next_3m_delinquency_flag"": 0.004848815035074949, ""next_6m_delinquency_flag"": 0.004885133355855942, ""next_12m_default_flag"": 0.00041254126699641347, ""next_12m_prepayment_flag"": 0.2646007239818573}",Prepaid,0.08508689277992579,None,"[""credit_risk_score""]",Auto-Approve,0.9999997615814209
101842449033,"{""next_3m_delinquency_flag"": 0.004848815035074949, ""next_6m_delinquency_flag"": 0.004885133355855942, ""next_12m_default_flag"": 0.00041254126699641347, ""next_12m_prepayment_flag"": 0.2646007239818573}",Prepaid,0.04309441115824576,None,"[""vintage_year"", ""amortgap_x_rate"", ""original_term_months""]",Auto-Approve,0.9999998807907104
101842449033,"{""next_3m_delinquency_flag"": 0.004848815035074949, ""next_6m_delinquency_flag"": 0.004885133355855942, ""next_12m_default_flag"": 0.00041254126699641347, ""next_12m_prepayment_flag"": 0.2646007239818573}",Prepaid,0.039829327017677746,None,"[""non_interest_bearing_upb"", ""mi_pct"", ""dpd_mean_3m"", ""high_dti_flag""]",Auto-Approve,0.9999998807907104
101842449033,"{""next_3m_delinquency_flag"": 0.004848815035074949, ""next_6m_delinquency_flag"": 0.004885133355855942, ""next_12m_default_flag"": 0.00041254126699641347, ""next_12m_prepayment_flag"": 0.2646007239818573}",Prepaid,0.01700184439496909,None,"[""dpd_mean_6m"", ""dti_x_rate""]",Auto-Approve,0.9999998807907104
101842449033,"{""next_3m_delinquency_flag"": 0.004848815035074949, ""next_6m_delinquency_flag"": 0.004885133355855942, ""next_12m_default_flag"": 0.00041254126699641347, ""next_12m_prepayment_flag"": 0.2646007239818573}",Prepaid,0.03272653487623202,None,"[""dlq_status_unreported"", ""amortgap_x_rate"", ""dlq_months"", ""high_ltv_flag"", ""high_dti_flag""]",Auto-Approve,0.9999998807907104
101842449033,"{""next_3m_delinquency_flag"": 0.004848815035074949, ""next_6m_delinquency_flag"": 0.004885133355855942, ""next_12m_default_flag"": 0.00041254126699641347, ""next_12m_prepayment_flag"": 0.2646007239818573}",Prepaid,0.04643088274233172,None,"[""high_ltv_flag""]",Auto-Approve,1.0
101842449033,"{""next_3m_delinquency_flag"": 0.004848815035074949, ""next_6m_delinquency_flag"": 0.004885133355855942, ""next_12m_default_flag"": 0.00041254126699641347, ""next_12m_prepayment_flag"": 0.2646007239818573}",Prepaid,0.09502162011689974,None,"[""delinquent_months_3m"", ""dlq_status_unreported"", ""n_hard_failures"", ""balance_imputed""]",Auto-Approve,1.0
101867569188,"{""next_3m_delinquency_flag"": 0.004848815035074949, ""next_6m_delinquency_flag"": 0.004885133355855942, ""next_12m_default_flag"": 0.00041254126699641347, ""next_12m_prepayment_flag"": 0.2646007239818573}",Prepaid,0.07579074686744186,None,"[""loan_age_risk"", ""dpd_max_6m""]",Auto-Approve,0.9999125003814697
101867569188,"{""next_3m_delinquency_flag"": 0.004848815035074949, ""next_6m_delinquency_flag"": 0.004885133355855942, ""next_12m_default_flag"": 0.00041254126699641347, ""next_12m_prepayment_flag"": 0.2646007239818573}",Prepaid,0.05320927040447807,None,"[""num_units"", ""interest_rate""]",Auto-Approve,0.9999326467514038
101867569188,"{""next_3m_delinquency_flag"": 0.004848815035074949, ""next_6m_delinquency_flag"": 0.004885133355855942, ""next_12m_default_flag"": 0.00041254126699641347, ""next_12m_prepayment_flag"": 0.2646007239818573}",Prepaid,0.07887855598506173,None,"[""loan_utilization""]",Auto-Approve,0.9999536275863647
101867569188,"{""next_3m_delinquency_flag"": 0.004848815035074949, ""next_6m_delinquency_flag"": 0.004885133355855942, ""next_12m_default_flag"": 0.00041254126699641347, ""next_12m_prepayment_flag"": 0.2646007239818573}",Prepaid,0.09135801763563675,None,[],Auto-Approve,0.9999682903289795
101867569188,"{""next_3m_delinquency_flag"": 0.004848815035074949, ""next_6m_delinquency_flag"": 0.004885133355855942, ""next_12m_default_flag"": 0.00041254126699641347, ""next_12m_prepayment_flag"": 0.2646007239818573}",Prepaid,0.06504467377135172,None,"[""dpd_mean_3m"", ""dpd_max_3m"", ""mi_pct"", ""current_balance""]",Auto-Approve,0.9999755620956421
101867569188,"{""next_3m_delinquency_flag"": 0.004848815035074949, ""next_6m_delinquency_flag"": 0.004885133355855942, ""next_12m_default_flag"": 0.00041254126699641347, ""next_12m_prepayment_flag"": 0.2646007239818573}",Prepaid,0.03474424467867262,None,"[""loan_age_risk""]",Auto-Approve,0.9999841451644897
101867569188,"{""next_3m_delinquency_flag"": 0.004848815035074949, ""next_6m_delinquency_flag"": 0.004885133355855942, ""next_12m_default_flag"": 0.00041254126699641347, ""next_12m_prepayment_flag"": 0.2646007239818573}",Prepaid,0.020007499869867353,None,"[""subprime_flag"", ""forbearance_months"", ""delinquent_months_12m"", ""loan_utilization""]",Auto-Approve,0.9999885559082031
101867569188,"{""next_3m_delinquency_flag"": 0.004848815035074949, ""next_6m_delinquency_flag"": 0.004885133355855942, ""next_12m_default_flag"": 0.00041254126699641347, ""next_12m_prepayment_flag"": 0.2646007239818573}",Prepaid,0.07866135186329148,None,"[""forbearance_months"", ""balance_unrecoverable""]",Auto-Approve,0.9999920129776001
101867569188,"{""next_3m_delinquency_flag"": 0.004848815035074949, ""next_6m_delinquency_flag"": 0.004885133355855942, ""next_12m_default_flag"": 0.00041254126699641347, ""next_12m_prepayment_flag"": 0.2646007239818573}",Prepaid,0.05872563454228805,None,"[""forbearance_flag"", ""dlq_months""]",Auto-Approve,0.9999946355819702
101867569188,"{""next_3m_delinquency_flag"": 0.004848815035074949, ""next_6m_delinquency_flag"": 0.004885133355855942, ""next_12m_default_flag"": 0.00041254126699641347, ""next_12m_prepayment_flag"": 0.2646007239818573}",Prepaid,0.07979545227408699,None,"[""combined_ltv"", ""ever_delinquent"", ""scheduled_principal"", ""ever_forbearance""]",Auto-Approve,0.9999958276748657
101867569188,"{""next_3m_delinquency_flag"": 0.004848815035074949, ""next_6m_delinquency_flag"": 0.004885133355855942, ""next_12m_default_flag"": 0.00041254126699641347, ""next_12m_prepayment_flag"": 0.2646007239818573}",Prepaid,0.05958062703973737,None,"[""ever_forbearance"", ""n_soft_failures"", ""remaining_balance_pct"", ""credit_x_dti"", ""ever_delinquent""]",Auto-Approve,0.9999972581863403
101867569188,"{""next_3m_delinquency_flag"": 0.004848815035074949, ""next_6m_delinquency_flag"": 0.004885133355855942, ""next_12m_default_flag"": 0.00041254126699641347, ""next_12m_prepayment_flag"": 0.2646007239818573}",Prepaid,0.04197649796027308,None,"[""dlq_months"", ""cum_missed_payments"", ""original_balance""]",Auto-Approve,0.9999980926513672
102057145441,"{""next_3m_delinquency_flag"": 0.004848815035074949, ""next_6m_delinquency_flag"": 0.004885133355855942, ""next_12m_default_flag"": 0.00041254126699641347, ""next_12m_prepayment_flag"": 0.2646007239818573}",Prepaid,0.059222697661326484,None,"[""balance_delta_1m"", ""dpd_lag_3""]",Auto-Approve,0.9999387264251709
102057145441,"{""next_3m_delinquency_flag"": 0.004848815035074949, ""next_6m_delinquency_flag"": 0.004885133355855942, ""next_12m_default_flag"": 0.00041254126699641347, ""next_12m_prepayment_flag"": 0.2646007239818573}",Prepaid,0.08336107738787038,None,"[""interest_rate""]",Auto-Approve,0.9999587535858154
102057145441,"{""next_3m_delinquency_flag"": 0.004848815035074949, ""next_6m_delinquency_flag"": 0.004885133355855942, ""next_12m_default_flag"": 0.00041254126699641347, ""next_12m_prepayment_flag"": 0.2646007239818573}",Prepaid,0.0341640698283995,None,"[""delinquent_months_3m"", ""amortgap_x_rate"", ""ltv"", ""current_interest_rate""]",Auto-Approve,0.9999722242355347
102057145441,"{""next_3m_delinquency_flag"": 0.004848815035074949, ""next_6m_delinquency_flag"": 0.004885133355855942, ""next_12m_default_flag"": 0.00041254126699641347, ""next_12m_prepayment_flag"": 0.2646007239818573}",Prepaid,0.07279077735128911,None,[],Auto-Approve,0.9999812841415405
102057145441,"{""next_3m_delinquency_flag"": 0.004848815035074949, ""next_6m_delinquency_flag"": 0.004885133355855942, ""next_12m_default_flag"": 0.00041254126699641347, ""next_12m_prepayment_flag"": 0.2646007239818573}",Prepaid,0.05099400856573991,None,"[""term_elapsed_pct"", ""ever_forbearance""]",Auto-Approve,0.9999872446060181
102057145441,"{""next_3m_delinquency_flag"": 0.004848815035074949, ""next_6m_delinquency_flag"": 0.004885133355855942, ""next_12m_default_flag"": 0.00041254126699641347, ""next_12m_prepayment_flag"": 0.2646007239818573}",Prepaid,0.04078014829927767,None,"[""scheduled_principal"", ""balance_imputed""]",Auto-Approve,0.9999914169311523
102057145441,"{""next_3m_delinquency_flag"": 0.004848815035074949, ""next_6m_delinquency_flag"": 0.004885133355855942, ""next_12m_default_flag"": 0.00041254126699641347, ""next_12m_prepayment_flag"": 0.2646007239818573}",Prepaid,0.04168618050283671,None,"[""current_interest_rate"", ""mi_pct"", ""forbearance_months"", ""balance_delta_3m""]",Auto-Approve,0.999994158744812
102057145441,"{""next_3m_delinquency_flag"": 0.004848815035074949, ""next_6m_delinquency_flag"": 0.004885133355855942, ""next_12m_default_flag"": 0.00041254126699641347, ""next_12m_prepayment_flag"": 0.2646007239818573}",Prepaid,0.0034601394130676644,None,"[""dpd_lag_1""]",Auto-Approve,0.9999959468841553
102057145441,"{""next_3m_delinquency_flag"": 0.004848815035074949, ""next_6m_delinquency_flag"": 0.004885133355855942, ""next_12m_default_flag"": 0.00041254126699641347, ""next_12m_prepayment_flag"": 0.2646007239818573}",Prepaid,0.09390506017315457,None,"[""dpd_max_12m"", ""is_seasoned""]",Auto-Approve,0.9999972581863403
102057145441,"{""next_3m_delinquency_flag"": 0.004848815035074949, ""next_6m_delinquency_flag"": 0.004885133355855942, ""next_12m_default_flag"": 0.00041254126699641347, ""next_12m_prepayment_flag"": 0.2646007239818573}",Prepaid,0.04791486053164887,None,"[""high_dti_flag"", ""credit_risk_score"", ""ever_modified""]",Auto-Approve,0.9999980926513672
102057145441,"{""next_3m_delinquency_flag"": 0.004848815035074949, ""next_6m_delinquency_flag"": 0.004885133355855942, ""next_12m_default_flag"": 0.00041254126699641347, ""next_12m_prepayment_flag"": 0.2646007239818573}",Prepaid,0.06683546918531023,None,"[""mi_pct"", ""credit_x_ltv""]",Auto-Approve,0.9999986886978149
102057145441,"{""next_3m_delinquency_flag"": 0.004848815035074949, ""next_6m_delinquency_flag"": 0.004885133355855942, ""next_12m_default_flag"": 0.00041254126699641347, ""next_12m_prepayment_flag"": 0.2646007239818573}",Prepaid,0.049395055781876786,None,"[""high_dti_flag"", ""dpd_mean_12m"", ""cum_delinquent_months""]",Auto-Approve,0.9999990463256836
102436573727,"{""next_3m_delinquency_flag"": 0.004848815035074949, ""next_6m_delinquency_flag"": 0.004885133355855942, ""next_12m_default_flag"": 0.00041254126699641347, ""next_12m_prepayment_flag"": 0.2646007239818573}",Prepaid,0.012010494514440619,None,"[""equity_cushion"", ""high_dti_flag"", ""num_borrowers"", ""term_elapsed_pct""]",Auto-Approve,0.9999943971633911
102436573727,"{""next_3m_delinquency_flag"": 0.004848815035074949, ""next_6m_delinquency_flag"": 0.004885133355855942, ""next_12m_default_flag"": 0.00041254126699641347, ""next_12m_prepayment_flag"": 0.2646007239818573}",Prepaid,0.01664395203822261,None,"[""balance_delta_3m""]",Auto-Approve,0.9999957084655762
102436573727,"{""next_3m_delinquency_flag"": 0.004848815035074949, ""next_6m_delinquency_flag"": 0.004885133355855942, ""next_12m_default_flag"": 0.00041254126699641347, ""next_12m_prepayment_flag"": 0.2646007239818573}",Prepaid,0.06947397175138197,None,"[""remaining_term_months""]",Auto-Approve,0.9999967813491821
102436573727,"{""next_3m_delinquency_flag"": 0.004848815035074949, ""next_6m_delinquency_flag"": 0.004885133355855942, ""next_12m_default_flag"": 0.00041254126699641347, ""next_12m_prepayment_flag"": 0.2646007239818573}",Prepaid,0.0873243210443524,None,"[""remaining_balance_pct"", ""balance_delta_3m"", ""modification_flag"", ""num_units""]",Auto-Approve,0.999997615814209
102436573727,"{""next_3m_delinquency_flag"": 0.004848815035074949, ""next_6m_delinquency_flag"": 0.004885133355855942, ""next_12m_default_flag"": 0.00041254126699641347, ""next_12m_prepayment_flag"": 0.2646007239818573}",Prepaid,0.08133040845165596,None,"[""ltv"", ""months_since_modification"", ""balance_unrecoverable""]",Auto-Approve,0.9999982118606567
102436573727,"{""next_3m_delinquency_flag"": 0.004848815035074949, ""next_6m_delinquency_flag"": 0.004885133355855942, ""next_12m_default_flag"": 0.00041254126699641347, ""next_12m_prepayment_flag"": 0.2646007239818573}",Prepaid,0.008936741765042644,None,"[""dti"", ""ever_modified""]",Auto-Approve,0.9999986886978149
102436573727,"{""next_3m_delinquency_flag"": 0.004848815035074949, ""next_6m_delinquency_flag"": 0.004885133355855942, ""next_12m_default_flag"": 0.00041254126699641347, ""next_12m_prepayment_flag"": 0.2646007239818573}",Prepaid,0.0685089779435941,None,"[""debt_burden"", ""high_dti_flag""]",Auto-Approve,0.999998927116394
102436573727,"{""next_3m_delinquency_flag"": 0.004848815035074949, ""next_6m_delinquency_flag"": 0.004885133355855942, ""next_12m_default_flag"": 0.00041254126699641347, ""next_12m_prepayment_flag"": 0.2646007239818573}",Prepaid,0.07135911411551836,None,"[""co_borrower_credit_score"", ""n_soft_failures""]",Auto-Approve,0.9999992847442627
102436573727,"{""next_3m_delinquency_flag"": 0.004848815035074949, ""next_6m_delinquency_flag"": 0.004885133355855942, ""next_12m_default_flag"": 0.00041254126699641347, ""next_12m_prepayment_flag"": 0.2646007239818573}",Prepaid,0.02609553626448126,None,[],Auto-Approve,0.9999994039535522
102436573727,"{""next_3m_delinquency_flag"": 0.004848815035074949, ""next_6m_delinquency_flag"": 0.004885133355855942, ""next_12m_default_flag"": 0.00041254126699641347, ""next_12m_prepayment_flag"": 0.2646007239818573}",Prepaid,0.020017119456218292,None,"[""days_past_due"", ""subprime_flag""]",Auto-Approve,0.9999997615814209
102436573727,"{""next_3m_delinquency_flag"": 0.004848815035074949, ""next_6m_delinquency_flag"": 0.004885133355855942, ""next_12m_default_flag"": 0.00041254126699641347, ""next_12m_prepayment_flag"": 0.2646007239818573}",Prepaid,0.02534472005590406,None,"[""scheduled_principal"", ""vintage_year"", ""delinquent_months_12m""]",Auto-Approve,0.9999996423721313
102436573727,"{""next_3m_delinquency_flag"": 0.004848815035074949, ""next_6m_delinquency_flag"": 0.004885133355855942, ""next_12m_default_flag"": 0.00041254126699641347, ""next_12m_prepayment_flag"": 0.2646007239818573}",Prepaid,0.05596335103615351,None,"[""credit_risk_score"", ""dlq_months""]",Auto-Approve,0.9999997615814209
102735293724,"{""next_3m_delinquency_flag"": 0.004848815035074949, ""next_6m_delinquency_flag"": 0.004885133355855942, ""next_12m_default_flag"": 0.00041254126699641347, ""next_12m_prepayment_flag"": 0.2646007239818573}",Prepaid,0.0736302795071985,None,"[""high_balance_flag"", ""dpd_lag_1"", ""cum_delinquent_months""]",Auto-Approve,0.9999938011169434
102735293724,"{""next_3m_delinquency_flag"": 0.004848815035074949, ""next_6m_delinquency_flag"": 0.004885133355855942, ""next_12m_default_flag"": 0.00041254126699641347, ""next_12m_prepayment_flag"": 0.2646007239818573}",Prepaid,0.048664339553747375,None,"[""remaining_balance_pct"", ""debt_burden""]",Auto-Approve,0.9999953508377075
102735293724,"{""next_3m_delinquency_flag"": 0.004848815035074949, ""next_6m_delinquency_flag"": 0.004885133355855942, ""next_12m_default_flag"": 0.00041254126699641347, ""next_12m_prepayment_flag"": 0.2646007239818573}",Prepaid,0.044874738202977826,None,"[""cum_delinquent_months"", ""scheduled_principal"", ""non_interest_bearing_upb""]",Auto-Approve,0.999996542930603
102735293724,"{""next_3m_delinquency_flag"": 0.004848815035074949, ""next_6m_delinquency_flag"": 0.004885133355855942, ""next_12m_default_flag"": 0.00041254126699641347, ""next_12m_prepayment_flag"": 0.2646007239818573}",Prepaid,0.01251149629863767,None,"[""term_elapsed_pct"", ""dlqhist_x_ltv"", ""months_since_modification"", ""loan_utilization"", ""high_ltv_flag""]",Auto-Approve,0.9999973773956299
102735293724,"{""next_3m_delinquency_flag"": 0.004848815035074949, ""next_6m_delinquency_flag"": 0.004885133355855942, ""next_12m_default_flag"": 0.00041254126699641347, ""next_12m_prepayment_flag"": 0.2646007239818573}",Prepaid,0.07947516009515818,None,"[""principal_forgiveness""]",Auto-Approve,0.9999979734420776
102735293724,"{""next_3m_delinquency_flag"": 0.004848815035074949, ""next_6m_delinquency_flag"": 0.004885133355855942, ""next_12m_default_flag"": 0.00041254126699641347, ""next_12m_prepayment_flag"": 0.2646007239818573}",Prepaid,0.02980370470341136,None,"[""dlq_status_unreported"", ""deferred_balance_pct"", ""credit_risk_score""]",Auto-Approve,0.9999984502792358
102735293724,"{""next_3m_delinquency_flag"": 0.004848815035074949, ""next_6m_delinquency_flag"": 0.004885133355855942, ""next_12m_default_flag"": 0.00041254126699641347, ""next_12m_prepayment_flag"": 0.2646007239818573}",Prepaid,0.008383411857062274,None,"[""ever_modified"", ""debt_burden""]",Auto-Approve,0.9999988079071045
102735293724,"{""next_3m_delinquency_flag"": 0.004848815035074949, ""next_6m_delinquency_flag"": 0.004885133355855942, ""next_12m_default_flag"": 0.00041254126699641347, ""next_12m_prepayment_flag"": 0.2646007239818573}",Prepaid,0.06453688706075826,None,"[""dpd_mean_12m"", ""high_ltv_flag"", ""co_borrower_credit_score""]",Auto-Approve,0.9999991655349731
102735293724,"{""next_3m_delinquency_flag"": 0.004848815035074949, ""next_6m_delinquency_flag"": 0.004885133355855942, ""next_12m_default_flag"": 0.00041254126699641347, ""next_12m_prepayment_flag"": 0.2646007239818573}",Prepaid,0.08588676249030043,None,"[""vintage_year"", ""forbearance_flag""]",Auto-Approve,0.9999994039535522
102735293724,"{""next_3m_delinquency_flag"": 0.004848815035074949, ""next_6m_delinquency_flag"": 0.004885133355855942, ""next_12m_default_flag"": 0.00041254126699641347, ""next_12m_prepayment_flag"": 0.2646007239818573}",Prepaid,0.06424838219659522,None,"[""n_hard_failures"", ""dpd_max_12m"", ""rate_gap"", ""co_borrower_credit_score""]",Auto-Approve,0.9999995231628418
102735293724,"{""next_3m_delinquency_flag"": 0.004848815035074949, ""next_6m_delinquency_flag"": 0.004885133355855942, ""next_12m_default_flag"": 0.00041254126699641347, ""next_12m_prepayment_flag"": 0.2646007239818573}",Prepaid,0.09318786867187898,None,"[""forbearance_months"", ""balance_pct_change_1m""]",Auto-Approve,0.9999996423721313
102735293724,"{""next_3m_delinquency_flag"": 0.004848815035074949, ""next_6m_delinquency_flag"": 0.004885133355855942, ""next_12m_default_flag"": 0.00041254126699641347, ""next_12m_prepayment_flag"": 0.2646007239818573}",Prepaid,0.0757574657397865,None,"[""co_borrower_credit_score"", ""dpd_lag_3"", ""dpd_max_6m""]",Auto-Approve,0.9999997615814209
102869590899,"{""next_3m_delinquency_flag"": 0.004848815035074949, ""next_6m_delinquency_flag"": 0.004885133355855942, ""next_12m_default_flag"": 0.00041254126699641347, ""next_12m_prepayment_flag"": 0.2646007239818573}",Prepaid,0.01740028070611589,None,[],Auto-Approve,0.9999936819076538
102869590899,"{""next_3m_delinquency_flag"": 0.004848815035074949, ""next_6m_delinquency_flag"": 0.004885133355855942, ""next_12m_default_flag"": 0.00041254126699641347, ""next_12m_prepayment_flag"": 0.2646007239818573}",Prepaid,0.0822239615150797,None,"[""credit_risk_score"", ""dti"", ""balance_reduction_ratio""]",Auto-Approve,0.999995231628418
102869590899,"{""next_3m_delinquency_flag"": 0.004848815035074949, ""next_6m_delinquency_flag"": 0.004885133355855942, ""next_12m_default_flag"": 0.00041254126699641347, ""next_12m_prepayment_flag"": 0.2646007239818573}",Prepaid,0.04569533947339201,None,"[""delinquent_months_3m"", ""loan_age_risk"", ""original_term_months""]",Auto-Approve,0.9999964237213135
102869590899,"{""next_3m_delinquency_flag"": 0.004848815035074949, ""next_6m_delinquency_flag"": 0.004885133355855942, ""next_12m_default_flag"": 0.00041254126699641347, ""next_12m_prepayment_flag"": 0.2646007239818573}",Prepaid,0.00936991534537226,None,"[""credit_x_dti"", ""dpd_mean_3m"", ""credit_x_ltv""]",Auto-Approve,0.9999972581863403
102869590899,"{""next_3m_delinquency_flag"": 0.004848815035074949, ""next_6m_delinquency_flag"": 0.004885133355855942, ""next_12m_default_flag"": 0.00041254126699641347, ""next_12m_prepayment_flag"": 0.2646007239818573}",Prepaid,0.03839397765707401,None,"[""homeready_flag"", ""num_borrowers"", ""dti"", ""loan_age_months"", ""dpd_lag_1""]",Auto-Approve,0.9999979734420776
102869590899,"{""next_3m_delinquency_flag"": 0.004848815035074949, ""next_6m_delinquency_flag"": 0.004885133355855942, ""next_12m_default_flag"": 0.00041254126699641347, ""next_12m_prepayment_flag"": 0.2646007239818573}",Prepaid,0.06884776804444148,None,"[""dpd_lag_3"", ""remaining_balance_pct""]",Auto-Approve,0.9999984502792358
102869590899,"{""next_3m_delinquency_flag"": 0.004848815035074949, ""next_6m_delinquency_flag"": 0.004885133355855942, ""next_12m_default_flag"": 0.00041254126699641347, ""next_12m_prepayment_flag"": 0.2646007239818573}",Prepaid,0.08284275967711134,None,"[""deferred_balance_pct""]",Auto-Approve,0.9999988079071045
102869590899,"{""next_3m_delinquency_flag"": 0.004848815035074949, ""next_6m_delinquency_flag"": 0.004885133355855942, ""next_12m_default_flag"": 0.00041254126699641347, ""next_12m_prepayment_flag"": 0.2646007239818573}",Prepaid,0.007825676634363931,None,"[""rate_gap""]",Auto-Approve,0.9999991655349731
102869590899,"{""next_3m_delinquency_flag"": 0.004848815035074949, ""next_6m_delinquency_flag"": 0.004885133355855942, ""next_12m_default_flag"": 0.00041254126699641347, ""next_12m_prepayment_flag"": 0.2646007239818573}",Prepaid,0.006438123319358014,None,"[""forbearance_flag"", ""num_units""]",Auto-Approve,0.9999992847442627
102869590899,"{""next_3m_delinquency_flag"": 0.004848815035074949, ""next_6m_delinquency_flag"": 0.004885133355855942, ""next_12m_default_flag"": 0.00041254126699641347, ""next_12m_prepayment_flag"": 0.2646007239818573}",Prepaid,0.03742932975027371,None,"[""delinquent_months_12m""]",Auto-Approve,0.9999995231628418
102869590899,"{""next_3m_delinquency_flag"": 0.004848815035074949, ""next_6m_delinquency_flag"": 0.004885133355855942, ""next_12m_default_flag"": 0.00041254126699641347, ""next_12m_prepayment_flag"": 0.2646007239818573}",Prepaid,0.03869833485280582,None,"[""current_interest_rate"", ""equity_cushion"", ""vintage_year"", ""term_elapsed_pct"", ""balance_reduction_ratio""]",Auto-Approve,0.9999996423721313
102869590899,"{""next_3m_delinquency_flag"": 0.004848815035074949, ""next_6m_delinquency_flag"": 0.004885133355855942, ""next_12m_default_flag"": 0.00041254126699641347, ""next_12m_prepayment_flag"": 0.2646007239818573}",Prepaid,0.03490108333522636,None,"[""cum_missed_payments"", ""ever_modified""]",Auto-Approve,0.9999997615814209
103122897881,"{""next_3m_delinquency_flag"": 0.004848815035074949, ""next_6m_delinquency_flag"": 0.004885133355855942, ""next_12m_default_flag"": 0.00041254126699641347, ""next_12m_prepayment_flag"": 0.2646007239818573}",Prepaid,0.000503105314970087,None,"[""loan_age_months"", ""dlq_months"", ""num_borrowers"", ""forbearance_flag"", ""dpd_lag_1""]",Auto-Approve,0.9999241828918457
103122897881,"{""next_3m_delinquency_flag"": 0.004848815035074949, ""next_6m_delinquency_flag"": 0.004885133355855942, ""next_12m_default_flag"": 0.00041254126699641347, ""next_12m_prepayment_flag"": 0.2646007239818573}",Prepaid,0.07063954089779607,None,"[""high_balance_flag"", ""cum_delinquent_months""]",Auto-Approve,0.9999489784240723
103122897881,"{""next_3m_delinquency_flag"": 0.004848815035074949, ""next_6m_delinquency_flag"": 0.004885133355855942, ""next_12m_default_flag"": 0.00041254126699641347, ""next_12m_prepayment_flag"": 0.2646007239818573}",Prepaid,0.03207924189031789,None,"[""month_index"", ""credit_risk_score"", ""dlq_months""]",Auto-Approve,0.9999654293060303
103122897881,"{""next_3m_delinquency_flag"": 0.004848815035074949, ""next_6m_delinquency_flag"": 0.004885133355855942, ""next_12m_default_flag"": 0.00041254126699641347, ""next_12m_prepayment_flag"": 0.2646007239818573}",Prepaid,0.03165805063583991,None,"[""dpd_mean_12m"", ""dpd_delta_1m""]",Auto-Approve,0.9999765157699585
103122897881,"{""next_3m_delinquency_flag"": 0.004848815035074949, ""next_6m_delinquency_flag"": 0.004885133355855942, ""next_12m_default_flag"": 0.00041254126699641347, ""next_12m_prepayment_flag"": 0.2646007239818573}",Prepaid,0.09888627415551264,None,"[""original_balance"", ""dpd_mean_3m"", ""dlq_months""]",Auto-Approve,0.9999840259552002
103122897881,"{""next_3m_delinquency_flag"": 0.004848815035074949, ""next_6m_delinquency_flag"": 0.004885133355855942, ""next_12m_default_flag"": 0.00041254126699641347, ""next_12m_prepayment_flag"": 0.2646007239818573}",Prepaid,0.09643541789913583,None,"[""co_borrower_credit_score"", ""dpd_mean_3m""]",Auto-Approve,0.9999890327453613
103122897881,"{""next_3m_delinquency_flag"": 0.004848815035074949, ""next_6m_delinquency_flag"": 0.004885133355855942, ""next_12m_default_flag"": 0.00041254126699641347, ""next_12m_prepayment_flag"": 0.2646007239818573}",Prepaid,0.04034709894500384,None,"[""forbearance_flag"", ""equity_cushion"", ""interest_rate"", ""current_balance""]",Auto-Approve,0.9999924898147583
103122897881,"{""next_3m_delinquency_flag"": 0.004848815035074949, ""next_6m_delinquency_flag"": 0.004885133355855942, ""next_12m_default_flag"": 0.00041254126699641347, ""next_12m_prepayment_flag"": 0.2646007239818573}",Prepaid,0.06401759270940624,None,"[""dlqhist_x_ltv"", ""ever_modified""]",Auto-Approve,0.9999947547912598
103122897881,"{""next_3m_delinquency_flag"": 0.004848815035074949, ""next_6m_delinquency_flag"": 0.004885133355855942, ""next_12m_default_flag"": 0.00041254126699641347, ""next_12m_prepayment_flag"": 0.2646007239818573}",Prepaid,0.0625903068941472,None,"[""is_seasoned"", ""cum_missed_payments"", ""delinquent_months_12m""]",Auto-Approve,0.9999964237213135
103122897881,"{""next_3m_delinquency_flag"": 0.004848815035074949, ""next_6m_delinquency_flag"": 0.004885133355855942, ""next_12m_default_flag"": 0.00041254126699641347, ""next_12m_prepayment_flag"": 0.2646007239818573}",Prepaid,0.036269444799580365,None,"[""dpd_max_12m"", ""months_since_modification"", ""remaining_balance_pct""]",Auto-Approve,0.9999974966049194
103122897881,"{""next_3m_delinquency_flag"": 0.004848815035074949, ""next_6m_delinquency_flag"": 0.004885133355855942, ""next_12m_default_flag"": 0.00041254126699641347, ""next_12m_prepayment_flag"": 0.2646007239818573}",Prepaid,0.02535584926433391,None,"[""dpd_mean_12m""]",Auto-Approve,0.9999982118606567
103122897881,"{""next_3m_delinquency_flag"": 0.004848815035074949, ""next_6m_delinquency_flag"": 0.004885133355855942, ""next_12m_default_flag"": 0.00041254126699641347, ""next_12m_prepayment_flag"": 0.2646007239818573}",Prepaid,0.007204185966443244,None,"[""original_balance"", ""amortgap_x_rate"", ""dpd_max_12m"", ""dti_x_rate""]",Auto-Approve,0.9999986886978149
103240724012,"{""next_3m_delinquency_flag"": 0.004848815035074949, ""next_6m_delinquency_flag"": 0.004885133355855942, ""next_12m_default_flag"": 0.00041254126699641347, ""next_12m_prepayment_flag"": 0.2646007239818573}",Prepaid,0.09267322240733683,None,"[""balance_pct_change_1m"", ""mi_pct"", ""dpd_lag_3"", ""non_interest_bearing_upb""]",Auto-Approve,0.9999966621398926
103240724012,"{""next_3m_delinquency_flag"": 0.004848815035074949, ""next_6m_delinquency_flag"": 0.004885133355855942, ""next_12m_default_flag"": 0.00041254126699641347, ""next_12m_prepayment_flag"": 0.2646007239818573}",Prepaid,0.06944165944924875,None,"[""remaining_term_months"", ""amortgap_x_rate"", ""modification_flag"", ""interest_rate""]",Auto-Approve,0.9999986886978149
103240724012,"{""next_3m_delinquency_flag"": 0.004848815035074949, ""next_6m_delinquency_flag"": 0.004885133355855942, ""next_12m_default_flag"": 0.00041254126699641347, ""next_12m_prepayment_flag"": 0.2646007239818573}",Prepaid,0.06361525097293257,None,"[""subprime_flag"", ""balance_delta_3m"", ""loan_age_months""]",Auto-Approve,0.999998927116394
103240724012,"{""next_3m_delinquency_flag"": 0.004848815035074949, ""next_6m_delinquency_flag"": 0.004885133355855942, ""next_12m_default_flag"": 0.00041254126699641347, ""next_12m_prepayment_flag"": 0.2646007239818573}",Prepaid,0.03810881659255151,None,"[""forbearance_months"", ""dlq_months""]",Auto-Approve,0.9999984502792358
103240724012,"{""next_3m_delinquency_flag"": 0.004848815035074949, ""next_6m_delinquency_flag"": 0.004885133355855942, ""next_12m_default_flag"": 0.00041254126699641347, ""next_12m_prepayment_flag"": 0.2646007239818573}",Prepaid,0.026119357361801987,None,"[""credit_x_dti"", ""vintage_quarter""]",Auto-Approve,0.9999988079071045
103240724012,"{""next_3m_delinquency_flag"": 0.004848815035074949, ""next_6m_delinquency_flag"": 0.004885133355855942, ""next_12m_default_flag"": 0.00041254126699641347, ""next_12m_prepayment_flag"": 0.2646007239818573}",Prepaid,0.050472644822268146,None,"[""dpd_lag_1"", ""mi_pct""]",Auto-Approve,0.9999991655349731
103240724012,"{""next_3m_delinquency_flag"": 0.004848815035074949, ""next_6m_delinquency_flag"": 0.004885133355855942, ""next_12m_default_flag"": 0.00041254126699641347, ""next_12m_prepayment_flag"": 0.2646007239818573}",Prepaid,0.0493667997719707,None,"[""forbearance_flag"", ""modification_flag""]",Auto-Approve,0.9999992847442627
103240724012,"{""next_3m_delinquency_flag"": 0.004848815035074949, ""next_6m_delinquency_flag"": 0.004885133355855942, ""next_12m_default_flag"": 0.00041254126699641347, ""next_12m_prepayment_flag"": 0.2646007239818573}",Prepaid,0.0007747605190477902,None,"[""months_since_modification"", ""deferred_balance_pct"", ""combined_ltv"", ""dpd_max_12m""]",Auto-Approve,0.9999995231628418
103240724012,"{""next_3m_delinquency_flag"": 0.004848815035074949, ""next_6m_delinquency_flag"": 0.004885133355855942, ""next_12m_default_flag"": 0.00041254126699641347, ""next_12m_prepayment_flag"": 0.2646007239818573}",Prepaid,0.07051093620251962,None,"[""balance_delta_1m"", ""delinquent_months_6m""]",Auto-Approve,0.9999996423721313
103240724012,"{""next_3m_delinquency_flag"": 0.004848815035074949, ""next_6m_delinquency_flag"": 0.004885133355855942, ""next_12m_default_flag"": 0.00041254126699641347, ""next_12m_prepayment_flag"": 0.2646007239818573}",Prepaid,0.012740926741860493,None,"[""n_soft_failures""]",Auto-Approve,0.9999997615814209
103240724012,"{""next_3m_delinquency_flag"": 0.004848815035074949, ""next_6m_delinquency_flag"": 0.004885133355855942, ""next_12m_default_flag"": 0.00041254126699641347, ""next_12m_prepayment_flag"": 0.2646007239818573}",Prepaid,0.09982249624392608,None,"[""equity_cushion"", ""num_borrowers"", ""balance_imputed"", ""forbearance_flag""]",Auto-Approve,0.9999997615814209
103240724012,"{""next_3m_delinquency_flag"": 0.004848815035074949, ""next_6m_delinquency_flag"": 0.004885133355855942, ""next_12m_default_flag"": 0.00041254126699641347, ""next_12m_prepayment_flag"": 0.2646007239818573}",Prepaid,0.018462974962595923,None,"[""dpd_max_12m"", ""first_time_buyer""]",Auto-Approve,0.9999998807907104
103492507783,"{""next_3m_delinquency_flag"": 0.004848815035074949, ""next_6m_delinquency_flag"": 0.004885133355855942, ""next_12m_default_flag"": 0.00041254126699641347, ""next_12m_prepayment_flag"": 0.2646007239818573}",Prepaid,0.00995613168525582,None,"[""forbearance_flag"", ""amortgap_x_rate""]",Auto-Approve,0.9999903440475464
103492507783,"{""next_3m_delinquency_flag"": 0.004848815035074949, ""next_6m_delinquency_flag"": 0.004885133355855942, ""next_12m_default_flag"": 0.00041254126699641347, ""next_12m_prepayment_flag"": 0.2646007239818573}",Prepaid,0.05960103464598282,None,"[""subprime_flag"", ""balance_unrecoverable""]",Auto-Approve,0.9999924898147583
103492507783,"{""next_3m_delinquency_flag"": 0.004848815035074949, ""next_6m_delinquency_flag"": 0.004885133355855942, ""next_12m_default_flag"": 0.00041254126699641347, ""next_12m_prepayment_flag"": 0.2646007239818573}",Prepaid,0.0018865362825591593,None,"[""dpd_mean_3m"", ""modification_flag"", ""subprime_flag"", ""loan_utilization""]",Auto-Approve,0.999994158744812
103492507783,"{""next_3m_delinquency_flag"": 0.004848815035074949, ""next_6m_delinquency_flag"": 0.004885133355855942, ""next_12m_default_flag"": 0.00041254126699641347, ""next_12m_prepayment_flag"": 0.2646007239818573}",Prepaid,0.021431167902687533,None,"[""amortgap_x_rate"", ""dpd_mean_3m"", ""dlq_months""]",Auto-Approve,0.9999954700469971
103492507783,"{""next_3m_delinquency_flag"": 0.004848815035074949, ""next_6m_delinquency_flag"": 0.004885133355855942, ""next_12m_default_flag"": 0.00041254126699641347, ""next_12m_prepayment_flag"": 0.2646007239818573}",Prepaid,0.04394547422714595,None,"[""balance_imputed""]",Auto-Approve,0.999996542930603
103492507783,"{""next_3m_delinquency_flag"": 0.004848815035074949, ""next_6m_delinquency_flag"": 0.004885133355855942, ""next_12m_default_flag"": 0.00041254126699641347, ""next_12m_prepayment_flag"": 0.2646007239818573}",Prepaid,0.07630344364528287,None,"[""balance_unrecoverable"", ""modification_flag""]",Auto-Approve,0.9999972581863403
103492507783,"{""next_3m_delinquency_flag"": 0.004848815035074949, ""next_6m_delinquency_flag"": 0.004885133355855942, ""next_12m_default_flag"": 0.00041254126699641347, ""next_12m_prepayment_flag"": 0.2646007239818573}",Prepaid,0.09572572423309587,None,"[""credit_x_dti""]",Auto-Approve,0.9999978542327881
103492507783,"{""next_3m_delinquency_flag"": 0.004848815035074949, ""next_6m_delinquency_flag"": 0.004885133355855942, ""next_12m_default_flag"": 0.00041254126699641347, ""next_12m_prepayment_flag"": 0.2646007239818573}",Prepaid,0.060129169141203975,None,"[""cum_delinquent_months"", ""amortisation_gap""]",Auto-Approve,0.9999983310699463
103492507783,"{""next_3m_delinquency_flag"": 0.004848815035074949, ""next_6m_delinquency_flag"": 0.004885133355855942, ""next_12m_default_flag"": 0.00041254126699641347, ""next_12m_prepayment_flag"": 0.2646007239818573}",Prepaid,0.06067738028806985,None,"[""forbearance_flag"", ""equity_cushion"", ""dpd_max_3m""]",Auto-Approve,0.9999986886978149
103492507783,"{""next_3m_delinquency_flag"": 0.004848815035074949, ""next_6m_delinquency_flag"": 0.004885133355855942, ""next_12m_default_flag"": 0.00041254126699641347, ""next_12m_prepayment_flag"": 0.2646007239818573}",Prepaid,0.016598852795073973,None,"[""cum_missed_payments"", ""principal_forgiveness"", ""credit_x_ltv""]",Auto-Approve,0.999998927116394
103492507783,"{""next_3m_delinquency_flag"": 0.004848815035074949, ""next_6m_delinquency_flag"": 0.004885133355855942, ""next_12m_default_flag"": 0.00041254126699641347, ""next_12m_prepayment_flag"": 0.2646007239818573}",Prepaid,0.05691272955608265,None,"[""dpd_max_12m"", ""balance_pct_change_1m"", ""num_borrowers"", ""interest_rate""]",Auto-Approve,0.9999991655349731
103492507783,"{""next_3m_delinquency_flag"": 0.004848815035074949, ""next_6m_delinquency_flag"": 0.004885133355855942, ""next_12m_default_flag"": 0.00041254126699641347, ""next_12m_prepayment_flag"": 0.2646007239818573}",Prepaid,0.043815191984000794,None,"[""days_past_due""]",Auto-Approve,0.9999994039535522
103793565013,"{""next_3m_delinquency_flag"": 0.004848815035074949, ""next_6m_delinquency_flag"": 0.004885133355855942, ""next_12m_default_flag"": 0.00041254126699641347, ""next_12m_prepayment_flag"": 0.2646007239818573}",Prepaid,0.016132000426358484,None,"[""scheduled_principal"", ""cum_delinquent_months""]",Auto-Approve,0.99983811378479
103793565013,"{""next_3m_delinquency_flag"": 0.004848815035074949, ""next_6m_delinquency_flag"": 0.004885133355855942, ""next_12m_default_flag"": 0.00041254126699641347, ""next_12m_prepayment_flag"": 0.2646007239818573}",Prepaid,0.042140172818827405,None,"[""original_term_months"", ""equity_cushion""]",Auto-Approve,0.999884843826294
103793565013,"{""next_3m_delinquency_flag"": 0.004848815035074949, ""next_6m_delinquency_flag"": 0.004885133355855942, ""next_12m_default_flag"": 0.00041254126699641347, ""next_12m_prepayment_flag"": 0.2646007239818573}",Prepaid,0.05084372519053154,None,"[""debt_burden""]",Auto-Approve,0.9999172687530518
103793565013,"{""next_3m_delinquency_flag"": 0.004848815035074949, ""next_6m_delinquency_flag"": 0.004885133355855942, ""next_12m_default_flag"": 0.00041254126699641347, ""next_12m_prepayment_flag"": 0.2646007239818573}",Prepaid,0.09556460122989985,None,"[""remaining_balance_pct"", ""equity_cushion"", ""debt_burden""]",Auto-Approve,0.999940037727356
103793565013,"{""next_3m_delinquency_flag"": 0.004848815035074949, ""next_6m_delinquency_flag"": 0.004885133355855942, ""next_12m_default_flag"": 0.00041254126699641347, ""next_12m_prepayment_flag"": 0.2646007239818573}",Prepaid,0.0061728740842506465,None,"[""co_borrower_credit_score"", ""balance_delta_1m"", ""cum_missed_payments""]",Auto-Approve,0.9999561309814453
103793565013,"{""next_3m_delinquency_flag"": 0.004848815035074949, ""next_6m_delinquency_flag"": 0.004885133355855942, ""next_12m_default_flag"": 0.00041254126699641347, ""next_12m_prepayment_flag"": 0.2646007239818573}",Prepaid,0.06942643559719068,None,"[""subprime_flag"", ""original_term_months"", ""loan_age_months""]",Auto-Approve,0.9999675750732422
103793565013,"{""next_3m_delinquency_flag"": 0.004848815035074949, ""next_6m_delinquency_flag"": 0.004885133355855942, ""next_12m_default_flag"": 0.00041254126699641347, ""next_12m_prepayment_flag"": 0.2646007239818573}",Prepaid,0.03503154452117065,None,"[""delinquent_months_3m"", ""original_balance"", ""principal_forgiveness""]",Auto-Approve,0.9999758005142212
103793565013,"{""next_3m_delinquency_flag"": 0.004848815035074949, ""next_6m_delinquency_flag"": 0.004885133355855942, ""next_12m_default_flag"": 0.00041254126699641347, ""next_12m_prepayment_flag"": 0.2646007239818573}",Prepaid,0.07291665474019758,None,"[""is_seasoned""]",Auto-Approve,0.9999817609786987
103793565013,"{""next_3m_delinquency_flag"": 0.004848815035074949, ""next_6m_delinquency_flag"": 0.004885133355855942, ""next_12m_default_flag"": 0.00041254126699641347, ""next_12m_prepayment_flag"": 0.2646007239818573}",Prepaid,0.07929956587793892,None,"[""balance_imputed""]",Auto-Approve,0.9999861717224121
103793565013,"{""next_3m_delinquency_flag"": 0.004848815035074949, ""next_6m_delinquency_flag"": 0.004885133355855942, ""next_12m_default_flag"": 0.00041254126699641347, ""next_12m_prepayment_flag"": 0.2646007239818573}",Prepaid,0.017046645250298455,None,"[""loan_utilization"", ""balance_imputed"", ""dpd_max_6m"", ""n_hard_failures"", ""debt_burden""]",Auto-Approve,0.99998939037323
103793565013,"{""next_3m_delinquency_flag"": 0.004848815035074949, ""next_6m_delinquency_flag"": 0.004885133355855942, ""next_12m_default_flag"": 0.00041254126699641347, ""next_12m_prepayment_flag"": 0.2646007239818573}",Prepaid,0.07671596821684286,None,"[""subprime_flag"", ""balance_delta_1m"", ""loan_utilization""]",Auto-Approve,0.999991774559021
103793565013,"{""next_3m_delinquency_flag"": 0.004848815035074949, ""next_6m_delinquency_flag"": 0.004885133355855942, ""next_12m_default_flag"": 0.00041254126699641347, ""next_12m_prepayment_flag"": 0.2646007239818573}",Prepaid,0.022856571033004258,None,"[""current_interest_rate"", ""original_balance""]",Auto-Approve,0.9999936819076538
104042500692,"{""next_3m_delinquency_flag"": 0.004848815035074949, ""next_6m_delinquency_flag"": 0.004885133355855942, ""next_12m_default_flag"": 0.00041254126699641347, ""next_12m_prepayment_flag"": 0.2646007239818573}",Prepaid,0.08648685525372389,None,"[""month_index"", ""original_term_months"", ""principal_forgiveness""]",Auto-Approve,0.9999954700469971
104042500692,"{""next_3m_delinquency_flag"": 0.004848815035074949, ""next_6m_delinquency_flag"": 0.004885133355855942, ""next_12m_default_flag"": 0.00041254126699641347, ""next_12m_prepayment_flag"": 0.2646007239818573}",Prepaid,0.06363614977117102,None,"[""days_past_due"", ""vintage_quarter"", ""balance_imputed""]",Auto-Approve,0.999996542930603
104042500692,"{""next_3m_delinquency_flag"": 0.004848815035074949, ""next_6m_delinquency_flag"": 0.004885133355855942, ""next_12m_default_flag"": 0.00041254126699641347, ""next_12m_prepayment_flag"": 0.2646007239818573}",Prepaid,0.0071675792291903025,None,"[""original_balance""]",Auto-Approve,0.9999973773956299
104042500692,"{""next_3m_delinquency_flag"": 0.004848815035074949, ""next_6m_delinquency_flag"": 0.004885133355855942, ""next_12m_default_flag"": 0.00041254126699641347, ""next_12m_prepayment_flag"": 0.2646007239818573}",Prepaid,0.05719578791324956,None,"[""vintage_year"", ""dpd_lag_3"", ""credit_x_ltv""]",Auto-Approve,0.9999979734420776
104042500692,"{""next_3m_delinquency_flag"": 0.004848815035074949, ""next_6m_delinquency_flag"": 0.004885133355855942, ""next_12m_default_flag"": 0.00041254126699641347, ""next_12m_prepayment_flag"": 0.2646007239818573}",Prepaid,0.002957180526814618,None,"[""dpd_mean_6m"", ""ever_modified"", ""current_interest_rate"", ""days_past_due""]",Auto-Approve,0.9999984502792358
104042500692,"{""next_3m_delinquency_flag"": 0.004848815035074949, ""next_6m_delinquency_flag"": 0.004885133355855942, ""next_12m_default_flag"": 0.00041254126699641347, ""next_12m_prepayment_flag"": 0.2646007239818573}",Prepaid,0.01278118296125419,None,"[""original_balance"", ""dpd_mean_6m"", ""delinquent_months_12m""]",Auto-Approve,0.9999988079071045
104042500692,"{""next_3m_delinquency_flag"": 0.004848815035074949, ""next_6m_delinquency_flag"": 0.004885133355855942, ""next_12m_default_flag"": 0.00041254126699641347, ""next_12m_prepayment_flag"": 0.2646007239818573}",Prepaid,0.03350977298139719,None,"[""debt_burden"", ""dpd_delta_1m"", ""first_time_buyer"", ""equity_cushion"", ""dlqhist_x_ltv""]",Auto-Approve,0.9999990463256836
104042500692,"{""next_3m_delinquency_flag"": 0.004848815035074949, ""next_6m_delinquency_flag"": 0.004885133355855942, ""next_12m_default_flag"": 0.00041254126699641347, ""next_12m_prepayment_flag"": 0.2646007239818573}",Prepaid,0.07654206220466034,None,"[""dpd_delta_1m"", ""current_interest_rate""]",Auto-Approve,0.9999992847442627
104042500692,"{""next_3m_delinquency_flag"": 0.004848815035074949, ""next_6m_delinquency_flag"": 0.004885133355855942, ""next_12m_default_flag"": 0.00041254126699641347, ""next_12m_prepayment_flag"": 0.2646007239818573}",Prepaid,0.08239585379640808,None,"[""vintage_quarter"", ""ever_modified""]",Auto-Approve,0.9999994039535522
104042500692,"{""next_3m_delinquency_flag"": 0.004848815035074949, ""next_6m_delinquency_flag"": 0.004885133355855942, ""next_12m_default_flag"": 0.00041254126699641347, ""next_12m_prepayment_flag"": 0.2646007239818573}",Prepaid,0.02339645002661228,None,"[""deferred_balance_pct"", ""credit_x_ltv""]",Auto-Approve,0.9999995231628418
104042500692,"{""next_3m_delinquency_flag"": 0.004848815035074949, ""next_6m_delinquency_flag"": 0.004885133355855942, ""next_12m_default_flag"": 0.00041254126699641347, ""next_12m_prepayment_flag"": 0.2646007239818573}",Prepaid,0.05146679576679837,None,"[""dpd_lag_3"", ""dpd_mean_12m"", ""high_dti_flag"", ""dpd_mean_6m""]",Auto-Approve,0.9999996423721313
104042500692,"{""next_3m_delinquency_flag"": 0.004848815035074949, ""next_6m_delinquency_flag"": 0.004885133355855942, ""next_12m_default_flag"": 0.00041254126699641347, ""next_12m_prepayment_flag"": 0.2646007239818573}",Prepaid,0.05522417609418363,None,"[""n_soft_failures""]",Auto-Approve,0.9999997615814209
104558856758,"{""next_3m_delinquency_flag"": 0.004848815035074949, ""next_6m_delinquency_flag"": 0.004885133355855942, ""next_12m_default_flag"": 0.00041254126699641347, ""next_12m_prepayment_flag"": 0.2646007239818573}",Prepaid,0.036146242957962406,None,"[""dpd_lag_3"", ""original_balance""]",Auto-Approve,0.9999854564666748
104558856758,"{""next_3m_delinquency_flag"": 0.004848815035074949, ""next_6m_delinquency_flag"": 0.004885133355855942, ""next_12m_default_flag"": 0.00041254126699641347, ""next_12m_prepayment_flag"": 0.2646007239818573}",Prepaid,0.06772522102972157,None,"[""debt_burden"", ""days_past_due""]",Auto-Approve,0.9999879598617554
104558856758,"{""next_3m_delinquency_flag"": 0.004848815035074949, ""next_6m_delinquency_flag"": 0.004885133355855942, ""next_12m_default_flag"": 0.00041254126699641347, ""next_12m_prepayment_flag"": 0.2646007239818573}",Prepaid,0.07486615511415222,None,"[""homeready_flag"", ""dti"", ""credit_score""]",Auto-Approve,0.9999899864196777
104558856758,"{""next_3m_delinquency_flag"": 0.004848815035074949, ""next_6m_delinquency_flag"": 0.004885133355855942, ""next_12m_default_flag"": 0.00041254126699641347, ""next_12m_prepayment_flag"": 0.2646007239818573}",Prepaid,0.08720429072876161,None,"[""dpd_delta_1m"", ""forbearance_months""]",Auto-Approve,0.9999916553497314
104558856758,"{""next_3m_delinquency_flag"": 0.004848815035074949, ""next_6m_delinquency_flag"": 0.004885133355855942, ""next_12m_default_flag"": 0.00041254126699641347, ""next_12m_prepayment_flag"": 0.2646007239818573}",Prepaid,0.03454480167340973,None,"[""debt_burden"", ""num_borrowers"", ""month_index"", ""balance_imputed""]",Auto-Approve,0.999993085861206
104558856758,"{""next_3m_delinquency_flag"": 0.004848815035074949, ""next_6m_delinquency_flag"": 0.004885133355855942, ""next_12m_default_flag"": 0.00041254126699641347, ""next_12m_prepayment_flag"": 0.2646007239818573}",Prepaid,0.053105964322169213,None,"[""principal_forgiveness"", ""first_time_buyer"", ""credit_score""]",Auto-Approve,0.9999942779541016
104558856758,"{""next_3m_delinquency_flag"": 0.004848815035074949, ""next_6m_delinquency_flag"": 0.004885133355855942, ""next_12m_default_flag"": 0.00041254126699641347, ""next_12m_prepayment_flag"": 0.2646007239818573}",Prepaid,0.03323674321636124,None,"[""forbearance_months"", ""dpd_mean_6m""]",Auto-Approve,0.999995231628418
104558856758,"{""next_3m_delinquency_flag"": 0.004848815035074949, ""next_6m_delinquency_flag"": 0.004885133355855942, ""next_12m_default_flag"": 0.00041254126699641347, ""next_12m_prepayment_flag"": 0.2646007239818573}",Prepaid,1.1912574862715797e-05,None,"[""balance_delta_1m"", ""combined_ltv""]",Auto-Approve,0.9999959468841553
104558856758,"{""next_3m_delinquency_flag"": 0.004848815035074949, ""next_6m_delinquency_flag"": 0.004885133355855942, ""next_12m_default_flag"": 0.00041254126699641347, ""next_12m_prepayment_flag"": 0.2646007239818573}",Prepaid,0.09374373913582308,None,"[""num_units"", ""dti"", ""loan_age_months""]",Auto-Approve,0.9999966621398926
104558856758,"{""next_3m_delinquency_flag"": 0.004848815035074949, ""next_6m_delinquency_flag"": 0.004885133355855942, ""next_12m_default_flag"": 0.00041254126699641347, ""next_12m_prepayment_flag"": 0.2646007239818573}",Prepaid,0.028472461240494563,None,"[""loan_utilization"", ""ever_delinquent"", ""high_balance_flag"", ""delinquent_months_6m""]",Auto-Approve,0.9999972581863403
104558856758,"{""next_3m_delinquency_flag"": 0.004848815035074949, ""next_6m_delinquency_flag"": 0.004885133355855942, ""next_12m_default_flag"": 0.00041254126699641347, ""next_12m_prepayment_flag"": 0.2646007239818573}",Prepaid,0.09463140953006738,None,"[""cum_missed_payments"", ""co_borrower_credit_score"", ""dpd_max_3m""]",Auto-Approve,0.9999991655349731
104558856758,"{""next_3m_delinquency_flag"": 0.004848815035074949, ""next_6m_delinquency_flag"": 0.004885133355855942, ""next_12m_default_flag"": 0.00041254126699641347, ""next_12m_prepayment_flag"": 0.2646007239818573}",Prepaid,0.04949735987429541,None,"[""balance_reduction_ratio"", ""dlq_status_unreported""]",Auto-Approve,0.9999980926513672
104853405019,"{""next_3m_delinquency_flag"": 0.004848815035074949, ""next_6m_delinquency_flag"": 0.004885133355855942, ""next_12m_default_flag"": 0.00041254126699641347, ""next_12m_prepayment_flag"": 0.13871458172798157}",Prepaid,0.06095997568518237,None,"[""ever_delinquent"", ""term_elapsed_pct"", ""dpd_lag_3""]",Auto-Approve,1.0
104867656870,"{""next_3m_delinquency_flag"": 0.004848815035074949, ""next_6m_delinquency_flag"": 0.004885133355855942, ""next_12m_default_flag"": 0.00041254126699641347, ""next_12m_prepayment_flag"": 0.2646007239818573}",Prepaid,0.0326695527774884,None,"[""scheduled_principal"", ""current_balance"", ""cum_missed_payments""]",Auto-Approve,0.9999829530715942
104867656870,"{""next_3m_delinquency_flag"": 0.004848815035074949, ""next_6m_delinquency_flag"": 0.004885133355855942, ""next_12m_default_flag"": 0.00041254126699641347, ""next_12m_prepayment_flag"": 0.2646007239818573}",Prepaid,0.04061244420956102,None,"[""co_borrower_credit_score""]",Auto-Approve,0.9999858140945435
104867656870,"{""next_3m_delinquency_flag"": 0.004848815035074949, ""next_6m_delinquency_flag"": 0.004885133355855942, ""next_12m_default_flag"": 0.00041254126699641347, ""next_12m_prepayment_flag"": 0.2646007239818573}",Prepaid,0.09704748547514823,None,"[""num_borrowers"", ""dpd_max_6m""]",Auto-Approve,0.9999881982803345
104867656870,"{""next_3m_delinquency_flag"": 0.004848815035074949, ""next_6m_delinquency_flag"": 0.004885133355855942, ""next_12m_default_flag"": 0.00041254126699641347, ""next_12m_prepayment_flag"": 0.2646007239818573}",Prepaid,0.001278383987892795,None,"[""homeready_flag"", ""interest_rate""]",Auto-Approve,0.9999901056289673
104867656870,"{""next_3m_delinquency_flag"": 0.004848815035074949, ""next_6m_delinquency_flag"": 0.004885133355855942, ""next_12m_default_flag"": 0.00041254126699641347, ""next_12m_prepayment_flag"": 0.2646007239818573}",Prepaid,0.05063794287134174,None,"[""rate_gap"", ""interest_rate""]",Auto-Approve,0.999991774559021
104867656870,"{""next_3m_delinquency_flag"": 0.004848815035074949, ""next_6m_delinquency_flag"": 0.004885133355855942, ""next_12m_default_flag"": 0.00041254126699641347, ""next_12m_prepayment_flag"": 0.2646007239818573}",Prepaid,0.00030956040998456616,None,"[""dlq_status_unreported"", ""remaining_term_months"", ""homeready_flag""]",Auto-Approve,0.999993085861206
104867656870,"{""next_3m_delinquency_flag"": 0.004848815035074949, ""next_6m_delinquency_flag"": 0.004885133355855942, ""next_12m_default_flag"": 0.00041254126699641347, ""next_12m_prepayment_flag"": 0.2646007239818573}",Prepaid,0.026676648249264603,None,"[""subprime_flag"", ""dpd_delta_1m"", ""month_index"", ""original_term_months""]",Auto-Approve,0.9999942779541016
104867656870,"{""next_3m_delinquency_flag"": 0.004848815035074949, ""next_6m_delinquency_flag"": 0.004885133355855942, ""next_12m_default_flag"": 0.00041254126699641347, ""next_12m_prepayment_flag"": 0.2646007239818573}",Prepaid,0.01936146225601324,None,"[""balance_pct_change_1m"", ""vintage_year""]",Auto-Approve,0.9999951124191284
104867656870,"{""next_3m_delinquency_flag"": 0.004848815035074949, ""next_6m_delinquency_flag"": 0.004885133355855942, ""next_12m_default_flag"": 0.00041254126699641347, ""next_12m_prepayment_flag"": 0.2646007239818573}",Prepaid,0.09528867607768834,None,"[""non_interest_bearing_upb"", ""balance_unrecoverable"", ""debt_burden""]",Auto-Approve,0.9999959468841553
104867656870,"{""next_3m_delinquency_flag"": 0.004848815035074949, ""next_6m_delinquency_flag"": 0.004885133355855942, ""next_12m_default_flag"": 0.00041254126699641347, ""next_12m_prepayment_flag"": 0.2646007239818573}",Prepaid,0.0359016583526562,None,"[""loan_age_risk"", ""vintage_year"", ""num_units"", ""dpd_max_3m""]",Auto-Approve,0.999996542930603
104867656870,"{""next_3m_delinquency_flag"": 0.004848815035074949, ""next_6m_delinquency_flag"": 0.004885133355855942, ""next_12m_default_flag"": 0.00041254126699641347, ""next_12m_prepayment_flag"": 0.2646007239818573}",Prepaid,0.03863713542436667,None,"[""remaining_balance_pct"", ""mi_pct"", ""non_interest_bearing_upb"", ""balance_imputed""]",Auto-Approve,0.9999971389770508
104867656870,"{""next_3m_delinquency_flag"": 0.004848815035074949, ""next_6m_delinquency_flag"": 0.004885133355855942, ""next_12m_default_flag"": 0.00041254126699641347, ""next_12m_prepayment_flag"": 0.2646007239818573}",Prepaid,0.014548757663346424,None,"[""modification_flag"", ""co_borrower_credit_score"", ""homeready_flag""]",Auto-Approve,0.999997615814209
105148805532,"{""next_3m_delinquency_flag"": 0.004848815035074949, ""next_6m_delinquency_flag"": 0.004885133355855942, ""next_12m_default_flag"": 0.00041254126699641347, ""next_12m_prepayment_flag"": 0.2646007239818573}",Prepaid,0.07123521149110638,None,"[""current_interest_rate""]",Auto-Approve,0.999993085861206
105148805532,"{""next_3m_delinquency_flag"": 0.004848815035074949, ""next_6m_delinquency_flag"": 0.004885133355855942, ""next_12m_default_flag"": 0.00041254126699641347, ""next_12m_prepayment_flag"": 0.2646007239818573}",Prepaid,0.04607330834038821,None,"[""dpd_delta_1m"", ""delinquent_months_3m"", ""dpd_mean_6m""]",Auto-Approve,0.9999947547912598
105148805532,"{""next_3m_delinquency_flag"": 0.004848815035074949, ""next_6m_delinquency_flag"": 0.004885133355855942, ""next_12m_default_flag"": 0.00041254126699641347, ""next_12m_prepayment_flag"": 0.2646007239818573}",Prepaid,0.06332940258269831,None,"[""first_time_buyer"", ""homeready_flag""]",Auto-Approve,0.9999960660934448
105148805532,"{""next_3m_delinquency_flag"": 0.004848815035074949, ""next_6m_delinquency_flag"": 0.004885133355855942, ""next_12m_default_flag"": 0.00041254126699641347, ""next_12m_prepayment_flag"": 0.2646007239818573}",Prepaid,0.06803781086528493,None,"[""forbearance_months"", ""ltv"", ""interest_rate""]",Auto-Approve,0.9999970197677612
105148805532,"{""next_3m_delinquency_flag"": 0.004848815035074949, ""next_6m_delinquency_flag"": 0.004885133355855942, ""next_12m_default_flag"": 0.00041254126699641347, ""next_12m_prepayment_flag"": 0.2646007239818573}",Prepaid,7.024528855892332e-06,None,"[""dti_x_rate"", ""current_balance"", ""balance_delta_3m"", ""original_term_months"", ""mi_pct""]",Auto-Approve,0.9999977350234985
105148805532,"{""next_3m_delinquency_flag"": 0.004848815035074949, ""next_6m_delinquency_flag"": 0.004885133355855942, ""next_12m_default_flag"": 0.00041254126699641347, ""next_12m_prepayment_flag"": 0.2646007239818573}",Prepaid,0.009455651522619391,None,"[""ever_delinquent"", ""first_time_buyer"", ""credit_risk_score""]",Auto-Approve,0.9999983310699463
105148805532,"{""next_3m_delinquency_flag"": 0.004848815035074949, ""next_6m_delinquency_flag"": 0.004885133355855942, ""next_12m_default_flag"": 0.00041254126699641347, ""next_12m_prepayment_flag"": 0.2646007239818573}",Prepaid,0.06624851054489858,None,"[""amortisation_gap"", ""dlq_status_unreported""]",Auto-Approve,0.9999986886978149
105148805532,"{""next_3m_delinquency_flag"": 0.004848815035074949, ""next_6m_delinquency_flag"": 0.004885133355855942, ""next_12m_default_flag"": 0.00041254126699641347, ""next_12m_prepayment_flag"": 0.2646007239818573}",Prepaid,0.009230119314416375,None,"[""high_balance_flag"", ""combined_ltv"", ""interest_rate"", ""dpd_mean_12m""]",Auto-Approve,0.9999990463256836
105148805532,"{""next_3m_delinquency_flag"": 0.004848815035074949, ""next_6m_delinquency_flag"": 0.004885133355855942, ""next_12m_default_flag"": 0.00041254126699641347, ""next_12m_prepayment_flag"": 0.2646007239818573}",Prepaid,0.09490850170550691,None,"[""n_soft_failures"", ""balance_imputed"", ""homeready_flag"", ""rate_gap""]",Auto-Approve,0.9999992847442627
105148805532,"{""next_3m_delinquency_flag"": 0.004848815035074949, ""next_6m_delinquency_flag"": 0.004885133355855942, ""next_12m_default_flag"": 0.00041254126699641347, ""next_12m_prepayment_flag"": 0.2646007239818573}",Prepaid,0.05220020578670309,None,"[""credit_risk_score""]",Auto-Approve,0.9999994039535522
105148805532,"{""next_3m_delinquency_flag"": 0.004848815035074949, ""next_6m_delinquency_flag"": 0.004885133355855942, ""next_12m_default_flag"": 0.00041254126699641347, ""next_12m_prepayment_flag"": 0.2646007239818573}",Prepaid,0.08082352946093561,None,"[""mi_pct"", ""term_elapsed_pct""]",Auto-Approve,0.9999996423721313
105148805532,"{""next_3m_delinquency_flag"": 0.004848815035074949, ""next_6m_delinquency_flag"": 0.004885133355855942, ""next_12m_default_flag"": 0.00041254126699641347, ""next_12m_prepayment_flag"": 0.2646007239818573}",Prepaid,0.012177997920801887,None,"[""combined_ltv"", ""balance_unrecoverable"", ""forbearance_months""]",Auto-Approve,0.9999996423721313
105487308294,"{""next_3m_delinquency_flag"": 0.004848815035074949, ""next_6m_delinquency_flag"": 0.004885133355855942, ""next_12m_default_flag"": 0.00041254126699641347, ""next_12m_prepayment_flag"": 0.2646007239818573}",Prepaid,0.07836287022757454,None,"[""num_units"", ""vintage_quarter""]",Auto-Approve,0.9999985694885254
105487308294,"{""next_3m_delinquency_flag"": 0.004848815035074949, ""next_6m_delinquency_flag"": 0.004885133355855942, ""next_12m_default_flag"": 0.00041254126699641347, ""next_12m_prepayment_flag"": 0.2646007239818573}",Prepaid,0.017244045733090397,None,"[""dpd_max_12m"", ""interest_rate""]",Auto-Approve,0.999998927116394
105487308294,"{""next_3m_delinquency_flag"": 0.004848815035074949, ""next_6m_delinquency_flag"": 0.004885133355855942, ""next_12m_default_flag"": 0.00041254126699641347, ""next_12m_prepayment_flag"": 0.2646007239818573}",Prepaid,0.07576388851332959,None,"[""dti_x_rate"", ""num_units""]",Auto-Approve,0.9999991655349731
105487308294,"{""next_3m_delinquency_flag"": 0.004848815035074949, ""next_6m_delinquency_flag"": 0.004885133355855942, ""next_12m_default_flag"": 0.00041254126699641347, ""next_12m_prepayment_flag"": 0.2646007239818573}",Prepaid,0.043533466979220205,None,"[""amortisation_gap"", ""cum_delinquent_months"", ""principal_forgiveness""]",Auto-Approve,0.9999994039535522
105487308294,"{""next_3m_delinquency_flag"": 0.004848815035074949, ""next_6m_delinquency_flag"": 0.004885133355855942, ""next_12m_default_flag"": 0.00041254126699641347, ""next_12m_prepayment_flag"": 0.2646007239818573}",Prepaid,0.015309464964107102,None,"[""delinquent_months_6m"", ""ever_forbearance"", ""dpd_lag_3"", ""loan_age_risk"", ""forbearance_months""]",Auto-Approve,0.9999995231628418
105487308294,"{""next_3m_delinquency_flag"": 0.004848815035074949, ""next_6m_delinquency_flag"": 0.004885133355855942, ""next_12m_default_flag"": 0.00041254126699641347, ""next_12m_prepayment_flag"": 0.2646007239818573}",Prepaid,0.07748290739773822,None,"[""remaining_term_months"", ""dlqhist_x_ltv"", ""cum_missed_payments"", ""vintage_quarter"", ""debt_burden""]",Auto-Approve,0.9999996423721313
105487308294,"{""next_3m_delinquency_flag"": 0.004848815035074949, ""next_6m_delinquency_flag"": 0.004885133355855942, ""next_12m_default_flag"": 0.00041254126699641347, ""next_12m_prepayment_flag"": 0.2646007239818573}",Prepaid,0.04732574307424897,None,"[""forbearance_flag"", ""homeready_flag"", ""loan_age_risk""]",Auto-Approve,0.9999997615814209
105487308294,"{""next_3m_delinquency_flag"": 0.004848815035074949, ""next_6m_delinquency_flag"": 0.004885133355855942, ""next_12m_default_flag"": 0.00041254126699641347, ""next_12m_prepayment_flag"": 0.2646007239818573}",Prepaid,0.07473338018605445,None,"[""principal_forgiveness"", ""original_term_months""]",Auto-Approve,0.9999997615814209
105487308294,"{""next_3m_delinquency_flag"": 0.004848815035074949, ""next_6m_delinquency_flag"": 0.004885133355855942, ""next_12m_default_flag"": 0.00041254126699641347, ""next_12m_prepayment_flag"": 0.2646007239818573}",Prepaid,0.019779840795610105,None,"[""subprime_flag"", ""non_interest_bearing_upb""]",Auto-Approve,0.9999998807907104
105487308294,"{""next_3m_delinquency_flag"": 0.004848815035074949, ""next_6m_delinquency_flag"": 0.004885133355855942, ""next_12m_default_flag"": 0.00041254126699641347, ""next_12m_prepayment_flag"": 0.2646007239818573}",Prepaid,0.027857731190722147,None,"[""credit_x_dti"", ""interest_rate""]",Auto-Approve,0.9999998807907104
105487308294,"{""next_3m_delinquency_flag"": 0.004848815035074949, ""next_6m_delinquency_flag"": 0.004885133355855942, ""next_12m_default_flag"": 0.00041254126699641347, ""next_12m_prepayment_flag"": 0.2646007239818573}",Prepaid,0.0005054137461597219,None,"[""vintage_year"", ""current_balance""]",Auto-Approve,0.9999998807907104
105487308294,"{""next_3m_delinquency_flag"": 0.004848815035074949, ""next_6m_delinquency_flag"": 0.004885133355855942, ""next_12m_default_flag"": 0.00041254126699641347, ""next_12m_prepayment_flag"": 0.2646007239818573}",Prepaid,0.011483556293411046,None,"[""balance_delta_3m"", ""combined_ltv""]",Auto-Approve,0.9999998807907104
105765654276,"{""next_3m_delinquency_flag"": 0.004848815035074949, ""next_6m_delinquency_flag"": 0.004885133355855942, ""next_12m_default_flag"": 0.00041254126699641347, ""next_12m_prepayment_flag"": 0.2526881694793701}",Prepaid,0.0876199980197027,None,"[""delinquent_months_3m""]",Auto-Approve,0.9998800754547119
105765654276,"{""next_3m_delinquency_flag"": 0.004848815035074949, ""next_6m_delinquency_flag"": 0.004885133355855942, ""next_12m_default_flag"": 0.00041254126699641347, ""next_12m_prepayment_flag"": 0.2526881694793701}",Prepaid,0.08062737572131921,None,"[""credit_risk_score""]",Auto-Approve,0.9998989105224609
105765654276,"{""next_3m_delinquency_flag"": 0.004848815035074949, ""next_6m_delinquency_flag"": 0.004885133355855942, ""next_12m_default_flag"": 0.00041254126699641347, ""next_12m_prepayment_flag"": 0.2646007239818573}",Prepaid,0.043590491571299156,None,"[""dti_x_rate"", ""month_index""]",Auto-Approve,0.9999147653579712
105765654276,"{""next_3m_delinquency_flag"": 0.004848815035074949, ""next_6m_delinquency_flag"": 0.004885133355855942, ""next_12m_default_flag"": 0.00041254126699641347, ""next_12m_prepayment_flag"": 0.2646007239818573}",Prepaid,0.05260706349882406,None,"[""cum_missed_payments"", ""n_hard_failures"", ""scheduled_principal""]",Auto-Approve,0.9999281167984009
105765654276,"{""next_3m_delinquency_flag"": 0.004848815035074949, ""next_6m_delinquency_flag"": 0.004885133355855942, ""next_12m_default_flag"": 0.00041254126699641347, ""next_12m_prepayment_flag"": 0.2646007239818573}",Prepaid,0.047962636952881436,None,"[""loan_utilization""]",Auto-Approve,0.9999394416809082
105765654276,"{""next_3m_delinquency_flag"": 0.004848815035074949, ""next_6m_delinquency_flag"": 0.004885133355855942, ""next_12m_default_flag"": 0.00041254126699641347, ""next_12m_prepayment_flag"": 0.2646007239818573}",Prepaid,0.008181385370381211,None,"[""balance_delta_3m"", ""balance_delta_1m""]",Auto-Approve,0.9999488592147827
105765654276,"{""next_3m_delinquency_flag"": 0.004848815035074949, ""next_6m_delinquency_flag"": 0.004885133355855942, ""next_12m_default_flag"": 0.00041254126699641347, ""next_12m_prepayment_flag"": 0.2646007239818573}",Prepaid,0.034153216437078394,None,"[""term_elapsed_pct"", ""ever_modified""]",Auto-Approve,0.9999569654464722
105765654276,"{""next_3m_delinquency_flag"": 0.004848815035074949, ""next_6m_delinquency_flag"": 0.004885133355855942, ""next_12m_default_flag"": 0.00041254126699641347, ""next_12m_prepayment_flag"": 0.2646007239818573}",Prepaid,0.09030909199902225,None,"[""delinquent_months_6m"", ""dlq_status_unreported"", ""rate_gap""]",Auto-Approve,0.999963641166687
105765654276,"{""next_3m_delinquency_flag"": 0.004848815035074949, ""next_6m_delinquency_flag"": 0.004885133355855942, ""next_12m_default_flag"": 0.00041254126699641347, ""next_12m_prepayment_flag"": 0.2646007239818573}",Prepaid,0.006171575290299081,None,"[""dlq_status_unreported"", ""dpd_mean_3m"", ""ever_modified"", ""credit_score"", ""num_borrowers""]",Auto-Approve,0.9999693632125854
105765654276,"{""next_3m_delinquency_flag"": 0.004848815035074949, ""next_6m_delinquency_flag"": 0.004885133355855942, ""next_12m_default_flag"": 0.00041254126699641347, ""next_12m_prepayment_flag"": 0.2646007239818573}",Prepaid,0.004559001993877099,None,"[""non_interest_bearing_upb"", ""delinquent_months_12m"", ""remaining_term_months""]",Auto-Approve,0.9999741315841675
105765654276,"{""next_3m_delinquency_flag"": 0.004848815035074949, ""next_6m_delinquency_flag"": 0.004885133355855942, ""next_12m_default_flag"": 0.00041254126699641347, ""next_12m_prepayment_flag"": 0.2646007239818573}",Prepaid,0.09364733607879425,None,"[""forbearance_flag"", ""scheduled_principal""]",Auto-Approve,0.9999781847000122
105765654276,"{""next_3m_delinquency_flag"": 0.004848815035074949, ""next_6m_delinquency_flag"": 0.004885133355855942, ""next_12m_default_flag"": 0.00041254126699641347, ""next_12m_prepayment_flag"": 0.2646007239818573}",Prepaid,0.049597102612754906,None,"[""credit_score""]",Auto-Approve,0.9999816417694092
106192266977,"{""next_3m_delinquency_flag"": 0.004848815035074949, ""next_6m_delinquency_flag"": 0.004885133355855942, ""next_12m_default_flag"": 0.00041254126699641347, ""next_12m_prepayment_flag"": 0.2646007239818573}",Prepaid,0.07399915453549297,None,"[""high_ltv_flag"", ""interest_rate""]",Auto-Approve,0.9999878406524658
106192266977,"{""next_3m_delinquency_flag"": 0.004848815035074949, ""next_6m_delinquency_flag"": 0.004885133355855942, ""next_12m_default_flag"": 0.00041254126699641347, ""next_12m_prepayment_flag"": 0.2646007239818573}",Prepaid,0.031905821459143384,None,"[""cum_delinquent_months"", ""vintage_quarter"", ""dpd_lag_3""]",Auto-Approve,0.9999914169311523
106192266977,"{""next_3m_delinquency_flag"": 0.004848815035074949, ""next_6m_delinquency_flag"": 0.004885133355855942, ""next_12m_default_flag"": 0.00041254126699641347, ""next_12m_prepayment_flag"": 0.2646007239818573}",Prepaid,0.04039140512815997,None,"[""dpd_delta_1m"", ""months_since_modification""]",Auto-Approve,0.9999938011169434
106192266977,"{""next_3m_delinquency_flag"": 0.004848815035074949, ""next_6m_delinquency_flag"": 0.004885133355855942, ""next_12m_default_flag"": 0.00041254126699641347, ""next_12m_prepayment_flag"": 0.2646007239818573}",Prepaid,0.024384083257252512,None,"[""credit_x_dti"", ""delinquent_months_6m"", ""balance_delta_3m""]",Auto-Approve,0.9999955892562866
106192266977,"{""next_3m_delinquency_flag"": 0.004848815035074949, ""next_6m_delinquency_flag"": 0.004885133355855942, ""next_12m_default_flag"": 0.00041254126699641347, ""next_12m_prepayment_flag"": 0.2646007239818573}",Prepaid,0.0762716098719125,None,"[""vintage_quarter"", ""balance_delta_1m"", ""dpd_lag_3""]",Auto-Approve,0.9999969005584717
106192266977,"{""next_3m_delinquency_flag"": 0.004848815035074949, ""next_6m_delinquency_flag"": 0.004885133355855942, ""next_12m_default_flag"": 0.00041254126699641347, ""next_12m_prepayment_flag"": 0.2646007239818573}",Prepaid,0.07179210283451536,None,"[""dpd_mean_12m"", ""high_dti_flag""]",Auto-Approve,0.9999977350234985
106192266977,"{""next_3m_delinquency_flag"": 0.004848815035074949, ""next_6m_delinquency_flag"": 0.004885133355855942, ""next_12m_default_flag"": 0.00041254126699641347, ""next_12m_prepayment_flag"": 0.2646007239818573}",Prepaid,0.09109570611713105,None,"[""is_seasoned"", ""remaining_balance_pct"", ""non_interest_bearing_upb"", ""loan_age_months"", ""first_time_buyer""]",Auto-Approve,0.9999983310699463
106192266977,"{""next_3m_delinquency_flag"": 0.004848815035074949, ""next_6m_delinquency_flag"": 0.004885133355855942, ""next_12m_default_flag"": 0.00041254126699641347, ""next_12m_prepayment_flag"": 0.2646007239818573}",Prepaid,0.07337492834494484,None,"[""dpd_lag_3"", ""credit_x_ltv"", ""credit_score""]",Auto-Approve,0.9999988079071045
106192266977,"{""next_3m_delinquency_flag"": 0.004848815035074949, ""next_6m_delinquency_flag"": 0.004885133355855942, ""next_12m_default_flag"": 0.00041254126699641347, ""next_12m_prepayment_flag"": 0.2646007239818573}",Prepaid,0.024914446162578808,None,"[""ltv"", ""equity_cushion"", ""non_interest_bearing_upb""]",Auto-Approve,0.9999991655349731
106192266977,"{""next_3m_delinquency_flag"": 0.004848815035074949, ""next_6m_delinquency_flag"": 0.004885133355855942, ""next_12m_default_flag"": 0.00041254126699641347, ""next_12m_prepayment_flag"": 0.2646007239818573}",Prepaid,0.04785273407259802,None,"[""amortisation_gap"", ""dti"", ""loan_age_months"", ""balance_reduction_ratio""]",Auto-Approve,0.9999994039535522
106192266977,"{""next_3m_delinquency_flag"": 0.004848815035074949, ""next_6m_delinquency_flag"": 0.004885133355855942, ""next_12m_default_flag"": 0.00041254126699641347, ""next_12m_prepayment_flag"": 0.2646007239818573}",Prepaid,0.016271619141184447,None,"[""current_balance"", ""dpd_delta_1m"", ""credit_score""]",Auto-Approve,0.9999995231628418
106192266977,"{""next_3m_delinquency_flag"": 0.004848815035074949, ""next_6m_delinquency_flag"": 0.004885133355855942, ""next_12m_default_flag"": 0.00041254126699641347, ""next_12m_prepayment_flag"": 0.2646007239818573}",Prepaid,0.09600992850095669,None,"[""ltv"", ""delinquent_months_6m"", ""balance_imputed""]",Auto-Approve,0.9999996423721313
106647472769,"{""next_3m_delinquency_flag"": 0.004848815035074949, ""next_6m_delinquency_flag"": 0.004885133355855942, ""next_12m_default_flag"": 0.00041254126699641347, ""next_12m_prepayment_flag"": 0.2646007239818573}",Prepaid,0.06904646415981495,None,"[""loan_age_risk"", ""credit_x_ltv""]",Auto-Approve,0.9999972581863403
106647472769,"{""next_3m_delinquency_flag"": 0.004848815035074949, ""next_6m_delinquency_flag"": 0.004885133355855942, ""next_12m_default_flag"": 0.00041254126699641347, ""next_12m_prepayment_flag"": 0.2646007239818573}",Prepaid,0.03101988448766693,None,"[""interest_rate"", ""dpd_max_6m"", ""co_borrower_credit_score"", ""debt_burden""]",Auto-Approve,0.9999979734420776
106647472769,"{""next_3m_delinquency_flag"": 0.004848815035074949, ""next_6m_delinquency_flag"": 0.004885133355855942, ""next_12m_default_flag"": 0.00041254126699641347, ""next_12m_prepayment_flag"": 0.2646007239818573}",Prepaid,0.06050794643233081,None,"[""dlqhist_x_ltv""]",Auto-Approve,0.9999984502792358
106647472769,"{""next_3m_delinquency_flag"": 0.004848815035074949, ""next_6m_delinquency_flag"": 0.004885133355855942, ""next_12m_default_flag"": 0.00041254126699641347, ""next_12m_prepayment_flag"": 0.2646007239818573}",Prepaid,0.03122916260894797,None,"[""delinquent_months_3m"", ""dti_x_rate""]",Auto-Approve,0.9999988079071045
106647472769,"{""next_3m_delinquency_flag"": 0.004848815035074949, ""next_6m_delinquency_flag"": 0.004885133355855942, ""next_12m_default_flag"": 0.00041254126699641347, ""next_12m_prepayment_flag"": 0.2646007239818573}",Prepaid,0.051112832911932915,None,"[""dpd_max_6m""]",Auto-Approve,0.9999991655349731
106647472769,"{""next_3m_delinquency_flag"": 0.004848815035074949, ""next_6m_delinquency_flag"": 0.004885133355855942, ""next_12m_default_flag"": 0.00041254126699641347, ""next_12m_prepayment_flag"": 0.2646007239818573}",Prepaid,0.0866842331494651,None,"[""debt_burden"", ""high_ltv_flag""]",Auto-Approve,0.9999992847442627
106647472769,"{""next_3m_delinquency_flag"": 0.004848815035074949, ""next_6m_delinquency_flag"": 0.004885133355855942, ""next_12m_default_flag"": 0.00041254126699641347, ""next_12m_prepayment_flag"": 0.2646007239818573}",Prepaid,0.08778872962079443,None,"[""high_ltv_flag"", ""dti_x_rate"", ""amortisation_gap"", ""homeready_flag"", ""current_balance""]",Auto-Approve,0.9999995231628418
106647472769,"{""next_3m_delinquency_flag"": 0.004848815035074949, ""next_6m_delinquency_flag"": 0.004885133355855942, ""next_12m_default_flag"": 0.00041254126699641347, ""next_12m_prepayment_flag"": 0.2646007239818573}",Prepaid,0.04758773917891902,None,"[""co_borrower_credit_score"", ""current_balance"", ""balance_delta_3m""]",Auto-Approve,0.9999996423721313
106647472769,"{""next_3m_delinquency_flag"": 0.004848815035074949, ""next_6m_delinquency_flag"": 0.004885133355855942, ""next_12m_default_flag"": 0.00041254126699641347, ""next_12m_prepayment_flag"": 0.2646007239818573}",Prepaid,0.055266370971977855,None,"[""dlqhist_x_ltv"", ""combined_ltv"", ""debt_burden"", ""high_balance_flag""]",Auto-Approve,0.9999997615814209
106647472769,"{""next_3m_delinquency_flag"": 0.004848815035074949, ""next_6m_delinquency_flag"": 0.004885133355855942, ""next_12m_default_flag"": 0.00041254126699641347, ""next_12m_prepayment_flag"": 0.2646007239818573}",Prepaid,0.0562357405801055,None,"[""vintage_quarter"", ""dpd_max_3m"", ""amortgap_x_rate""]",Auto-Approve,0.9999997615814209
106647472769,"{""next_3m_delinquency_flag"": 0.004848815035074949, ""next_6m_delinquency_flag"": 0.004885133355855942, ""next_12m_default_flag"": 0.00041254126699641347, ""next_12m_prepayment_flag"": 0.2646007239818573}",Prepaid,0.037866311459314274,None,"[""high_ltv_flag"", ""dlqhist_x_ltv""]",Auto-Approve,0.9999998807907104
106647472769,"{""next_3m_delinquency_flag"": 0.004848815035074949, ""next_6m_delinquency_flag"": 0.004885133355855942, ""next_12m_default_flag"": 0.00041254126699641347, ""next_12m_prepayment_flag"": 0.2646007239818573}",Prepaid,0.049541898843411626,None,"[""ever_modified"", ""months_since_modification""]",Auto-Approve,0.9999998807907104
106883833623,"{""next_3m_delinquency_flag"": 0.004848815035074949, ""next_6m_delinquency_flag"": 0.004885133355855942, ""next_12m_default_flag"": 0.00041254126699641347, ""next_12m_prepayment_flag"": 0.2646007239818573}",Prepaid,0.09227641211671393,None,"[""ltv"", ""equity_cushion""]",Auto-Approve,0.9999986886978149
106883833623,"{""next_3m_delinquency_flag"": 0.004848815035074949, ""next_6m_delinquency_flag"": 0.004885133355855942, ""next_12m_default_flag"": 0.00041254126699641347, ""next_12m_prepayment_flag"": 0.2646007239818573}",Prepaid,0.026343300036432628,None,"[""delinquent_months_6m"", ""delinquent_months_12m""]",Auto-Approve,0.999998927116394
106883833623,"{""next_3m_delinquency_flag"": 0.004848815035074949, ""next_6m_delinquency_flag"": 0.004885133355855942, ""next_12m_default_flag"": 0.00041254126699641347, ""next_12m_prepayment_flag"": 0.2646007239818573}",Prepaid,0.02079648493938409,None,"[""ever_modified""]",Auto-Approve,0.9999990463256836
106883833623,"{""next_3m_delinquency_flag"": 0.004848815035074949, ""next_6m_delinquency_flag"": 0.004885133355855942, ""next_12m_default_flag"": 0.00041254126699641347, ""next_12m_prepayment_flag"": 0.2646007239818573}",Prepaid,0.03551558275693783,None,"[""month_index""]",Auto-Approve,0.9999991655349731
106883833623,"{""next_3m_delinquency_flag"": 0.004848815035074949, ""next_6m_delinquency_flag"": 0.004885133355855942, ""next_12m_default_flag"": 0.00041254126699641347, ""next_12m_prepayment_flag"": 0.2646007239818573}",Prepaid,0.04020109932798115,None,"[""loan_age_months"", ""days_past_due"", ""high_dti_flag"", ""balance_pct_change_1m""]",Auto-Approve,0.9999992847442627
106883833623,"{""next_3m_delinquency_flag"": 0.004848815035074949, ""next_6m_delinquency_flag"": 0.004885133355855942, ""next_12m_default_flag"": 0.00041254126699641347, ""next_12m_prepayment_flag"": 0.2646007239818573}",Prepaid,0.07542930199332773,None,"[""high_ltv_flag"", ""credit_risk_score""]",Auto-Approve,0.9999994039535522
106883833623,"{""next_3m_delinquency_flag"": 0.004848815035074949, ""next_6m_delinquency_flag"": 0.004885133355855942, ""next_12m_default_flag"": 0.00041254126699641347, ""next_12m_prepayment_flag"": 0.2646007239818573}",Prepaid,0.058154599075191785,None,"[""is_seasoned"", ""forbearance_months"", ""balance_delta_1m""]",Auto-Approve,0.9999994039535522
106883833623,"{""next_3m_delinquency_flag"": 0.004848815035074949, ""next_6m_delinquency_flag"": 0.004885133355855942, ""next_12m_default_flag"": 0.00041254126699641347, ""next_12m_prepayment_flag"": 0.2646007239818573}",Prepaid,0.01774765834147615,None,"[""is_seasoned"", ""current_interest_rate"", ""combined_ltv""]",Auto-Approve,0.9999995231628418
106883833623,"{""next_3m_delinquency_flag"": 0.004848815035074949, ""next_6m_delinquency_flag"": 0.004885133355855942, ""next_12m_default_flag"": 0.00041254126699641347, ""next_12m_prepayment_flag"": 0.2646007239818573}",Prepaid,0.03591073407626718,None,"[""dpd_lag_1"", ""high_balance_flag""]",Auto-Approve,0.9999995231628418
106883833623,"{""next_3m_delinquency_flag"": 0.004848815035074949, ""next_6m_delinquency_flag"": 0.004885133355855942, ""next_12m_default_flag"": 0.00041254126699641347, ""next_12m_prepayment_flag"": 0.2646007239818573}",Prepaid,0.06596911114715052,None,"[""high_balance_flag""]",Auto-Approve,0.9999996423721313
106883833623,"{""next_3m_delinquency_flag"": 0.004848815035074949, ""next_6m_delinquency_flag"": 0.004885133355855942, ""next_12m_default_flag"": 0.00041254126699641347, ""next_12m_prepayment_flag"": 0.2646007239818573}",Prepaid,0.07861515469015257,None,"[""remaining_balance_pct"", ""cum_delinquent_months"", ""loan_age_risk"", ""cum_missed_payments""]",Auto-Approve,0.9999996423721313
106883833623,"{""next_3m_delinquency_flag"": 0.004848815035074949, ""next_6m_delinquency_flag"": 0.004885133355855942, ""next_12m_default_flag"": 0.00041254126699641347, ""next_12m_prepayment_flag"": 0.2646007239818573}",Prepaid,0.08410995337913099,None,"[""credit_x_dti"", ""delinquent_months_3m""]",Auto-Approve,0.9999996423721313
106897301046,"{""next_3m_delinquency_flag"": 0.8962655663490295, ""next_6m_delinquency_flag"": 0.7631579041481018, ""next_12m_default_flag"": 0.6610878705978394, ""next_12m_prepayment_flag"": 0.179435133934021}",Default,0.007377888552703671,None,"[""credit_risk_score""]",Review,1.0
106897301046,"{""next_3m_delinquency_flag"": 0.8962655663490295, ""next_6m_delinquency_flag"": 0.7631579041481018, ""next_12m_default_flag"": 0.6610878705978394, ""next_12m_prepayment_flag"": 0.179435133934021}",Default,0.003285526270661943,None,"[""non_interest_bearing_upb"", ""balance_delta_3m"", ""interest_rate""]",Review,1.0
106897301046,"{""next_3m_delinquency_flag"": 0.8962655663490295, ""next_6m_delinquency_flag"": 0.7631579041481018, ""next_12m_default_flag"": 0.6610878705978394, ""next_12m_prepayment_flag"": 0.19356708228588104}",Default,0.009294458430499853,None,[],Review,1.0
106897301046,"{""next_3m_delinquency_flag"": 0.42152467370033264, ""next_6m_delinquency_flag"": 0.46206897497177124, ""next_12m_default_flag"": 0.6610878705978394, ""next_12m_prepayment_flag"": 0.2646007239818573}",Default,0.0927945591242429,None,"[""dpd_lag_1"", ""days_past_due"", ""cum_missed_payments""]",Review,1.0
106897301046,"{""next_3m_delinquency_flag"": 0.004848815035074949, ""next_6m_delinquency_flag"": 0.004885133355855942, ""next_12m_default_flag"": 0.005647438578307629, ""next_12m_prepayment_flag"": 0.2646007239818573}",Prepaid,0.09449446600962903,None,[],Auto-Approve,0.999178946018219
106897301046,"{""next_3m_delinquency_flag"": 0.009881422854959965, ""next_6m_delinquency_flag"": 0.06763284653425217, ""next_12m_default_flag"": 0.6610878705978394, ""next_12m_prepayment_flag"": 0.2646007239818573}",Prepaid,0.0013564254586803772,None,"[""ever_modified"", ""credit_score""]",Review,0.9999916553497314
106897301046,"{""next_3m_delinquency_flag"": 0.42152467370033264, ""next_6m_delinquency_flag"": 0.33834585547447205, ""next_12m_default_flag"": 0.6610878705978394, ""next_12m_prepayment_flag"": 0.2646007239818573}",Prepaid,0.03414003046169389,None,"[""amortisation_gap""]",Review,0.9779725074768066
106897301046,"{""next_3m_delinquency_flag"": 0.42152467370033264, ""next_6m_delinquency_flag"": 0.4423076808452606, ""next_12m_default_flag"": 0.6610878705978394, ""next_12m_prepayment_flag"": 0.2361111044883728}",Default,0.09080425983458267,None,"[""dpd_max_12m"", ""delinquent_months_12m"", ""high_balance_flag"", ""dpd_mean_3m""]",Review,0.5024435520172119
106897301046,"{""next_3m_delinquency_flag"": 0.42152467370033264, ""next_6m_delinquency_flag"": 0.37931033968925476, ""next_12m_default_flag"": 0.6610878705978394, ""next_12m_prepayment_flag"": 0.2646007239818573}",Prepaid,0.05708634795137551,None,"[""dlq_months"", ""dlqhist_x_ltv""]",Review,0.9999797344207764
106897301046,"{""next_3m_delinquency_flag"": 0.004848815035074949, ""next_6m_delinquency_flag"": 0.004885133355855942, ""next_12m_default_flag"": 0.005647438578307629, ""next_12m_prepayment_flag"": 0.2646007239818573}",Prepaid,0.0408029197471032,None,"[""credit_risk_score"", ""principal_forgiveness""]",Auto-Approve,1.0
106897301046,"{""next_3m_delinquency_flag"": 0.004848815035074949, ""next_6m_delinquency_flag"": 0.004885133355855942, ""next_12m_default_flag"": 0.004430811386555433, ""next_12m_prepayment_flag"": 0.2646007239818573}",Prepaid,0.05941882762523784,None,"[""first_time_buyer""]",Auto-Approve,1.0
106897301046,"{""next_3m_delinquency_flag"": 0.004848815035074949, ""next_6m_delinquency_flag"": 0.004885133355855942, ""next_12m_default_flag"": 0.0022395739797502756, ""next_12m_prepayment_flag"": 0.2646007239818573}",Prepaid,0.06652848696786798,None,"[""term_elapsed_pct"", ""dlq_status_unreported"", ""dpd_lag_3""]",Auto-Approve,1.0
106966507062,"{""next_3m_delinquency_flag"": 0.004848815035074949, ""next_6m_delinquency_flag"": 0.004885133355855942, ""next_12m_default_flag"": 0.00041254126699641347, ""next_12m_prepayment_flag"": 0.2646007239818573}",Prepaid,0.03893797995766886,None,"[""dlq_months"", ""original_balance""]",Auto-Approve,0.9999969005584717
106966507062,"{""next_3m_delinquency_flag"": 0.004848815035074949, ""next_6m_delinquency_flag"": 0.004885133355855942, ""next_12m_default_flag"": 0.00041254126699641347, ""next_12m_prepayment_flag"": 0.2646007239818573}",Prepaid,0.059942833918109444,None,"[""scheduled_principal""]",Auto-Approve,0.999997615814209
106966507062,"{""next_3m_delinquency_flag"": 0.004848815035074949, ""next_6m_delinquency_flag"": 0.004885133355855942, ""next_12m_default_flag"": 0.00041254126699641347, ""next_12m_prepayment_flag"": 0.2646007239818573}",Prepaid,0.0006541957978374313,None,"[""delinquent_months_3m""]",Auto-Approve,0.9999982118606567
106966507062,"{""next_3m_delinquency_flag"": 0.004848815035074949, ""next_6m_delinquency_flag"": 0.004885133355855942, ""next_12m_default_flag"": 0.00041254126699641347, ""next_12m_prepayment_flag"": 0.2646007239818573}",Prepaid,0.04435591804070021,None,"[""cum_missed_payments"", ""balance_pct_change_1m""]",Auto-Approve,0.9999986886978149
106966507062,"{""next_3m_delinquency_flag"": 0.004848815035074949, ""next_6m_delinquency_flag"": 0.004885133355855942, ""next_12m_default_flag"": 0.00041254126699641347, ""next_12m_prepayment_flag"": 0.2646007239818573}",Prepaid,0.07875778817126804,None,[],Auto-Approve,0.999998927116394
106966507062,"{""next_3m_delinquency_flag"": 0.004848815035074949, ""next_6m_delinquency_flag"": 0.004885133355855942, ""next_12m_default_flag"": 0.00041254126699641347, ""next_12m_prepayment_flag"": 0.2646007239818573}",Prepaid,0.0785996790634612,None,"[""high_ltv_flag"", ""loan_utilization""]",Auto-Approve,0.9999992847442627
106966507062,"{""next_3m_delinquency_flag"": 0.004848815035074949, ""next_6m_delinquency_flag"": 0.004885133355855942, ""next_12m_default_flag"": 0.00041254126699641347, ""next_12m_prepayment_flag"": 0.2646007239818573}",Prepaid,0.0073553533375118945,None,"[""original_balance"", ""ltv"", ""current_balance"", ""balance_unrecoverable""]",Auto-Approve,0.9999994039535522
106966507062,"{""next_3m_delinquency_flag"": 0.004848815035074949, ""next_6m_delinquency_flag"": 0.004885133355855942, ""next_12m_default_flag"": 0.00041254126699641347, ""next_12m_prepayment_flag"": 0.2646007239818573}",Prepaid,0.046384506644951834,None,"[""dpd_mean_3m""]",Auto-Approve,0.9999995231628418
106966507062,"{""next_3m_delinquency_flag"": 0.004848815035074949, ""next_6m_delinquency_flag"": 0.004885133355855942, ""next_12m_default_flag"": 0.00041254126699641347, ""next_12m_prepayment_flag"": 0.2646007239818573}",Prepaid,0.08532293496789167,None,"[""vintage_quarter"", ""principal_forgiveness"", ""deferred_balance_pct""]",Auto-Approve,0.9999996423721313
106966507062,"{""next_3m_delinquency_flag"": 0.004848815035074949, ""next_6m_delinquency_flag"": 0.004885133355855942, ""next_12m_default_flag"": 0.00041254126699641347, ""next_12m_prepayment_flag"": 0.2646007239818573}",Prepaid,0.09937982721794969,None,"[""delinquent_months_6m"", ""co_borrower_credit_score"", ""vintage_year""]",Auto-Approve,0.9999997615814209
106966507062,"{""next_3m_delinquency_flag"": 0.004848815035074949, ""next_6m_delinquency_flag"": 0.004885133355855942, ""next_12m_default_flag"": 0.00041254126699641347, ""next_12m_prepayment_flag"": 0.2646007239818573}",Prepaid,0.0394501537302011,None,"[""vintage_quarter"", ""dlq_months""]",Auto-Approve,0.9999997615814209
106966507062,"{""next_3m_delinquency_flag"": 0.004848815035074949, ""next_6m_delinquency_flag"": 0.004885133355855942, ""next_12m_default_flag"": 0.00041254126699641347, ""next_12m_prepayment_flag"": 0.2646007239818573}",Prepaid,0.09300629633719032,None,"[""months_since_modification"", ""scheduled_principal"", ""dpd_mean_12m""]",Auto-Approve,0.9999998807907104
107033140797,"{""next_3m_delinquency_flag"": 0.004848815035074949, ""next_6m_delinquency_flag"": 0.004885133355855942, ""next_12m_default_flag"": 0.00041254126699641347, ""next_12m_prepayment_flag"": 0.2646007239818573}",Prepaid,0.08390728362601285,None,[],Auto-Approve,0.9999988079071045
107033140797,"{""next_3m_delinquency_flag"": 0.004848815035074949, ""next_6m_delinquency_flag"": 0.004885133355855942, ""next_12m_default_flag"": 0.00041254126699641347, ""next_12m_prepayment_flag"": 0.2646007239818573}",Prepaid,0.014461631961521872,None,"[""dti"", ""vintage_year"", ""remaining_term_months""]",Auto-Approve,0.9999991655349731
107033140797,"{""next_3m_delinquency_flag"": 0.004848815035074949, ""next_6m_delinquency_flag"": 0.004885133355855942, ""next_12m_default_flag"": 0.00041254126699641347, ""next_12m_prepayment_flag"": 0.2646007239818573}",Prepaid,0.06979155449784007,None,"[""rate_gap"", ""dlq_months"", ""first_time_buyer""]",Auto-Approve,0.9999994039535522
107033140797,"{""next_3m_delinquency_flag"": 0.004848815035074949, ""next_6m_delinquency_flag"": 0.004885133355855942, ""next_12m_default_flag"": 0.00041254126699641347, ""next_12m_prepayment_flag"": 0.2646007239818573}",Prepaid,0.09950779773693003,None,"[""credit_x_dti"", ""balance_reduction_ratio"", ""dti_x_rate"", ""first_time_buyer""]",Auto-Approve,0.9999995231628418
107033140797,"{""next_3m_delinquency_flag"": 0.004848815035074949, ""next_6m_delinquency_flag"": 0.004885133355855942, ""next_12m_default_flag"": 0.00041254126699641347, ""next_12m_prepayment_flag"": 0.2646007239818573}",Prepaid,0.07354058592039182,None,"[""original_balance"", ""dlq_status_unreported"", ""high_dti_flag""]",Auto-Approve,0.9999996423721313
107033140797,"{""next_3m_delinquency_flag"": 0.004848815035074949, ""next_6m_delinquency_flag"": 0.004885133355855942, ""next_12m_default_flag"": 0.00041254126699641347, ""next_12m_prepayment_flag"": 0.2646007239818573}",Prepaid,0.06150237672357381,None,"[""credit_risk_score"", ""dti"", ""month_index""]",Auto-Approve,0.9999997615814209
107033140797,"{""next_3m_delinquency_flag"": 0.004848815035074949, ""next_6m_delinquency_flag"": 0.004885133355855942, ""next_12m_default_flag"": 0.00041254126699641347, ""next_12m_prepayment_flag"": 0.2646007239818573}",Prepaid,0.09443829536305681,None,"[""loan_age_risk"", ""balance_delta_3m""]",Auto-Approve,0.9999998807907104
107033140797,"{""next_3m_delinquency_flag"": 0.004848815035074949, ""next_6m_delinquency_flag"": 0.004885133355855942, ""next_12m_default_flag"": 0.00041254126699641347, ""next_12m_prepayment_flag"": 0.2646007239818573}",Prepaid,0.08312668289620087,None,"[""balance_reduction_ratio"", ""subprime_flag"", ""n_soft_failures""]",Auto-Approve,0.9999998807907104
107033140797,"{""next_3m_delinquency_flag"": 0.004848815035074949, ""next_6m_delinquency_flag"": 0.004885133355855942, ""next_12m_default_flag"": 0.00041254126699641347, ""next_12m_prepayment_flag"": 0.2646007239818573}",Prepaid,0.043115996609842604,None,"[""modification_flag""]",Auto-Approve,0.9999998807907104
107033140797,"{""next_3m_delinquency_flag"": 0.004848815035074949, ""next_6m_delinquency_flag"": 0.004885133355855942, ""next_12m_default_flag"": 0.00041254126699641347, ""next_12m_prepayment_flag"": 0.2646007239818573}",Prepaid,0.08067551101501613,None,"[""delinquent_months_6m"", ""term_elapsed_pct""]",Auto-Approve,0.9999998807907104
107033140797,"{""next_3m_delinquency_flag"": 0.004848815035074949, ""next_6m_delinquency_flag"": 0.004885133355855942, ""next_12m_default_flag"": 0.00041254126699641347, ""next_12m_prepayment_flag"": 0.2646007239818573}",Prepaid,0.05320464767558308,None,"[""credit_x_ltv"", ""dlqhist_x_ltv"", ""dlq_months""]",Auto-Approve,1.0
107033140797,"{""next_3m_delinquency_flag"": 0.004848815035074949, ""next_6m_delinquency_flag"": 0.004885133355855942, ""next_12m_default_flag"": 0.00041254126699641347, ""next_12m_prepayment_flag"": 0.2646007239818573}",Prepaid,0.04468466008285774,None,"[""scheduled_principal"", ""dpd_max_12m"", ""months_since_modification""]",Auto-Approve,1.0
108312051850,"{""next_3m_delinquency_flag"": 0.004848815035074949, ""next_6m_delinquency_flag"": 0.004885133355855942, ""next_12m_default_flag"": 0.00041254126699641347, ""next_12m_prepayment_flag"": 0.2646007239818573}",Prepaid,0.09082933262578088,None,"[""dpd_mean_3m"", ""high_ltv_flag"", ""month_index""]",Auto-Approve,0.9999942779541016
108312051850,"{""next_3m_delinquency_flag"": 0.004848815035074949, ""next_6m_delinquency_flag"": 0.004885133355855942, ""next_12m_default_flag"": 0.00041254126699641347, ""next_12m_prepayment_flag"": 0.2646007239818573}",Prepaid,0.015171856143308871,None,"[""balance_delta_3m""]",Auto-Approve,0.9999957084655762
108312051850,"{""next_3m_delinquency_flag"": 0.004848815035074949, ""next_6m_delinquency_flag"": 0.004885133355855942, ""next_12m_default_flag"": 0.00041254126699641347, ""next_12m_prepayment_flag"": 0.2646007239818573}",Prepaid,0.021185352624998467,None,"[""dpd_max_3m"", ""n_soft_failures""]",Auto-Approve,0.9999967813491821
108312051850,"{""next_3m_delinquency_flag"": 0.004848815035074949, ""next_6m_delinquency_flag"": 0.004885133355855942, ""next_12m_default_flag"": 0.00041254126699641347, ""next_12m_prepayment_flag"": 0.2646007239818573}",Prepaid,0.07910835814920845,None,"[""vintage_year"", ""num_borrowers"", ""loan_age_months""]",Auto-Approve,0.9999974966049194
108312051850,"{""next_3m_delinquency_flag"": 0.004848815035074949, ""next_6m_delinquency_flag"": 0.004885133355855942, ""next_12m_default_flag"": 0.00041254126699641347, ""next_12m_prepayment_flag"": 0.2646007239818573}",Prepaid,0.052454513152229126,None,"[""balance_imputed"", ""balance_reduction_ratio"", ""dti""]",Auto-Approve,0.9999980926513672
108312051850,"{""next_3m_delinquency_flag"": 0.004848815035074949, ""next_6m_delinquency_flag"": 0.004885133355855942, ""next_12m_default_flag"": 0.00041254126699641347, ""next_12m_prepayment_flag"": 0.2646007239818573}",Prepaid,0.07867417691071557,None,"[""balance_imputed"", ""credit_x_ltv""]",Auto-Approve,0.9999985694885254
108312051850,"{""next_3m_delinquency_flag"": 0.004848815035074949, ""next_6m_delinquency_flag"": 0.004885133355855942, ""next_12m_default_flag"": 0.00041254126699641347, ""next_12m_prepayment_flag"": 0.2646007239818573}",Prepaid,0.0069733801825751845,None,"[""balance_delta_1m"", ""n_soft_failures"", ""dpd_lag_1""]",Auto-Approve,0.999998927116394
108312051850,"{""next_3m_delinquency_flag"": 0.004848815035074949, ""next_6m_delinquency_flag"": 0.004885133355855942, ""next_12m_default_flag"": 0.00041254126699641347, ""next_12m_prepayment_flag"": 0.2646007239818573}",Prepaid,0.014397295113862452,None,"[""dpd_delta_1m"", ""co_borrower_credit_score""]",Auto-Approve,0.9999991655349731
108312051850,"{""next_3m_delinquency_flag"": 0.004848815035074949, ""next_6m_delinquency_flag"": 0.004885133355855942, ""next_12m_default_flag"": 0.00041254126699641347, ""next_12m_prepayment_flag"": 0.2646007239818573}",Prepaid,0.08321580882900105,None,"[""dpd_mean_3m"", ""dti_x_rate""]",Auto-Approve,0.9999994039535522
108312051850,"{""next_3m_delinquency_flag"": 0.004848815035074949, ""next_6m_delinquency_flag"": 0.004885133355855942, ""next_12m_default_flag"": 0.00041254126699641347, ""next_12m_prepayment_flag"": 0.2646007239818573}",Prepaid,0.030258032771759105,None,"[""dpd_mean_12m"", ""dpd_delta_1m"", ""dlqhist_x_ltv""]",Auto-Approve,0.9999995231628418
108312051850,"{""next_3m_delinquency_flag"": 0.004848815035074949, ""next_6m_delinquency_flag"": 0.004885133355855942, ""next_12m_default_flag"": 0.00041254126699641347, ""next_12m_prepayment_flag"": 0.2646007239818573}",Prepaid,0.01912443614217707,None,"[""homeready_flag"", ""subprime_flag"", ""ltv""]",Auto-Approve,0.9999996423721313
108312051850,"{""next_3m_delinquency_flag"": 0.004848815035074949, ""next_6m_delinquency_flag"": 0.004885133355855942, ""next_12m_default_flag"": 0.00041254126699641347, ""next_12m_prepayment_flag"": 0.2646007239818573}",Prepaid,0.09410490503508077,None,"[""vintage_year"", ""balance_delta_3m"", ""credit_risk_score""]",Auto-Approve,0.9999997615814209
108447158407,"{""next_3m_delinquency_flag"": 0.004848815035074949, ""next_6m_delinquency_flag"": 0.004885133355855942, ""next_12m_default_flag"": 0.00041254126699641347, ""next_12m_prepayment_flag"": 0.19356708228588104}",Prepaid,0.023483948179585424,None,"[""num_borrowers"", ""high_dti_flag"", ""non_interest_bearing_upb"", ""delinquent_months_6m""]",Auto-Approve,0.9998970031738281
108447158407,"{""next_3m_delinquency_flag"": 0.004848815035074949, ""next_6m_delinquency_flag"": 0.004885133355855942, ""next_12m_default_flag"": 0.00041254126699641347, ""next_12m_prepayment_flag"": 0.19356708228588104}",Prepaid,0.004963359233963627,None,"[""dpd_lag_3"", ""month_index"", ""scheduled_principal""]",Auto-Approve,0.999922513961792
108447158407,"{""next_3m_delinquency_flag"": 0.004848815035074949, ""next_6m_delinquency_flag"": 0.004885133355855942, ""next_12m_default_flag"": 0.00041254126699641347, ""next_12m_prepayment_flag"": 0.19356708228588104}",Prepaid,0.06519288712821483,None,"[""credit_x_ltv""]",Auto-Approve,0.9999418258666992
108447158407,"{""next_3m_delinquency_flag"": 0.004848815035074949, ""next_6m_delinquency_flag"": 0.004885133355855942, ""next_12m_default_flag"": 0.00041254126699641347, ""next_12m_prepayment_flag"": 0.19356708228588104}",Prepaid,0.06517707161800919,None,"[""num_borrowers"", ""high_ltv_flag""]",Auto-Approve,0.9999561309814453
108447158407,"{""next_3m_delinquency_flag"": 0.004848815035074949, ""next_6m_delinquency_flag"": 0.004885133355855942, ""next_12m_default_flag"": 0.00041254126699641347, ""next_12m_prepayment_flag"": 0.20720720291137695}",Prepaid,0.08299739241829973,None,[],Auto-Approve,0.9999669790267944
108447158407,"{""next_3m_delinquency_flag"": 0.004848815035074949, ""next_6m_delinquency_flag"": 0.004885133355855942, ""next_12m_default_flag"": 0.00041254126699641347, ""next_12m_prepayment_flag"": 0.2361111044883728}",Prepaid,0.06259383130860934,None,"[""is_seasoned"", ""forbearance_flag"", ""amortgap_x_rate"", ""dpd_lag_1"", ""high_ltv_flag""]",Auto-Approve,0.9999750852584839
108447158407,"{""next_3m_delinquency_flag"": 0.004848815035074949, ""next_6m_delinquency_flag"": 0.004885133355855942, ""next_12m_default_flag"": 0.00041254126699641347, ""next_12m_prepayment_flag"": 0.2526881694793701}",Prepaid,0.08063710060802258,None,"[""dpd_mean_6m"", ""forbearance_flag"", ""delinquent_months_3m""]",Auto-Approve,0.9999812841415405
108447158407,"{""next_3m_delinquency_flag"": 0.004848815035074949, ""next_6m_delinquency_flag"": 0.004885133355855942, ""next_12m_default_flag"": 0.00041254126699641347, ""next_12m_prepayment_flag"": 0.2541281580924988}",Prepaid,0.02245282814917895,None,"[""num_units"", ""loan_utilization""]",Auto-Approve,0.999985933303833
108447158407,"{""next_3m_delinquency_flag"": 0.004848815035074949, ""next_6m_delinquency_flag"": 0.004885133355855942, ""next_12m_default_flag"": 0.00041254126699641347, ""next_12m_prepayment_flag"": 0.2646007239818573}",Prepaid,0.03516429328580707,None,"[""month_index"", ""high_ltv_flag""]",Auto-Approve,0.99998939037323
108447158407,"{""next_3m_delinquency_flag"": 0.004848815035074949, ""next_6m_delinquency_flag"": 0.004885133355855942, ""next_12m_default_flag"": 0.00041254126699641347, ""next_12m_prepayment_flag"": 0.2646007239818573}",Prepaid,0.020822216865321354,None,"[""credit_x_ltv"", ""balance_reduction_ratio""]",Auto-Approve,0.9999920129776001
108447158407,"{""next_3m_delinquency_flag"": 0.004848815035074949, ""next_6m_delinquency_flag"": 0.004885133355855942, ""next_12m_default_flag"": 0.00041254126699641347, ""next_12m_prepayment_flag"": 0.2646007239818573}",Prepaid,0.017410979171548525,None,"[""dti""]",Auto-Approve,0.9999939203262329
108447158407,"{""next_3m_delinquency_flag"": 0.004848815035074949, ""next_6m_delinquency_flag"": 0.004885133355855942, ""next_12m_default_flag"": 0.00041254126699641347, ""next_12m_prepayment_flag"": 0.2646007239818573}",Prepaid,0.003340664284188766,None,"[""credit_score""]",Auto-Approve,0.9999954700469971
108734334125,"{""next_3m_delinquency_flag"": 0.8059701323509216, ""next_6m_delinquency_flag"": 0.46206897497177124, ""next_12m_default_flag"": 0.330547034740448, ""next_12m_prepayment_flag"": 0.13871458172798157}",Prepaid,0.0030265117043927537,None,"[""forbearance_flag"", ""principal_forgiveness""]",Review,1.0
108734334125,"{""next_3m_delinquency_flag"": 0.5597826242446899, ""next_6m_delinquency_flag"": 0.33834585547447205, ""next_12m_default_flag"": 0.022727273404598236, ""next_12m_prepayment_flag"": 0.16259987652301788}",Prepaid,0.09500098902048935,None,[],Auto-Approve,1.0
108734334125,"{""next_3m_delinquency_flag"": 0.42152467370033264, ""next_6m_delinquency_flag"": 0.17777778208255768, ""next_12m_default_flag"": 0.004430811386555433, ""next_12m_prepayment_flag"": 0.179435133934021}",Prepaid,0.049925668241735915,None,"[""ltv"", ""high_dti_flag"", ""modification_flag"", ""balance_delta_1m""]",Auto-Approve,1.0
108734334125,"{""next_3m_delinquency_flag"": 0.004848815035074949, ""next_6m_delinquency_flag"": 0.004885133355855942, ""next_12m_default_flag"": 0.0014511956833302975, ""next_12m_prepayment_flag"": 0.015909090638160706}",Current,0.0620054897935716,None,"[""mi_pct"", ""high_ltv_flag""]",Auto-Approve,0.9997442364692688
108734334125,"{""next_3m_delinquency_flag"": 0.010746268555521965, ""next_6m_delinquency_flag"": 0.004885133355855942, ""next_12m_default_flag"": 0.09375, ""next_12m_prepayment_flag"": 0.015909090638160706}",Current,0.037859131313062004,None,"[""n_hard_failures""]",Auto-Approve,0.9919376969337463
108734334125,"{""next_3m_delinquency_flag"": 0.21374045312404633, ""next_6m_delinquency_flag"": 0.007160759065300226, ""next_12m_default_flag"": 0.005647438578307629, ""next_12m_prepayment_flag"": 0.015909090638160706}",Current,0.023099642401852374,None,"[""balance_imputed"", ""non_interest_bearing_upb""]",Auto-Approve,0.5892959833145142
108734334125,"{""next_3m_delinquency_flag"": 0.21374045312404633, ""next_6m_delinquency_flag"": 0.01153433509171009, ""next_12m_default_flag"": 0.0476190485060215, ""next_12m_prepayment_flag"": 0.015909090638160706}",Delinquent,0.004051130319622099,None,"[""balance_reduction_ratio"", ""dpd_mean_12m"", ""dpd_max_12m""]",Auto-Approve,0.8204609155654907
108734334125,"{""next_3m_delinquency_flag"": 0.3186813294887543, ""next_6m_delinquency_flag"": 0.01692865788936615, ""next_12m_default_flag"": 0.25773197412490845, ""next_12m_prepayment_flag"": 0.015909090638160706}",Delinquent,0.07973018280808811,None,"[""modification_flag""]",Review,0.8831682801246643
108734334125,"{""next_3m_delinquency_flag"": 0.004848815035074949, ""next_6m_delinquency_flag"": 0.004885133355855942, ""next_12m_default_flag"": 0.0022395739797502756, ""next_12m_prepayment_flag"": 0.015909090638160706}",Prepaid,0.02905094061403826,None,"[""n_soft_failures"", ""balance_delta_3m"", ""balance_pct_change_1m"", ""delinquent_months_3m""]",Auto-Approve,0.9957852959632874
108734334125,"{""next_3m_delinquency_flag"": 0.004848815035074949, ""next_6m_delinquency_flag"": 0.004885133355855942, ""next_12m_default_flag"": 0.0022395739797502756, ""next_12m_prepayment_flag"": 0.015909090638160706}",Prepaid,0.009635860188198965,None,"[""delinquent_months_6m"", ""original_term_months""]",Auto-Approve,0.9996390342712402
108734334125,"{""next_3m_delinquency_flag"": 0.004848815035074949, ""next_6m_delinquency_flag"": 0.004885133355855942, ""next_12m_default_flag"": 0.0014511956833302975, ""next_12m_prepayment_flag"": 0.015909090638160706}",Prepaid,0.06393867367394794,None,"[""dpd_max_12m"", ""num_units""]",Auto-Approve,0.999951958656311
108734334125,"{""next_3m_delinquency_flag"": 0.004848815035074949, ""next_6m_delinquency_flag"": 0.004885133355855942, ""next_12m_default_flag"": 0.0014511956833302975, ""next_12m_prepayment_flag"": 0.015909090638160706}",Prepaid,0.010566859464628032,None,"[""amortgap_x_rate"", ""equity_cushion""]",Auto-Approve,0.9999899864196777
109124303472,"{""next_3m_delinquency_flag"": 0.004848815035074949, ""next_6m_delinquency_flag"": 0.004885133355855942, ""next_12m_default_flag"": 0.00041254126699641347, ""next_12m_prepayment_flag"": 0.2526881694793701}",Prepaid,0.029810078086179293,None,"[""current_interest_rate"", ""dpd_lag_1"", ""forbearance_flag""]",Auto-Approve,0.9999898672103882
109124303472,"{""next_3m_delinquency_flag"": 0.004848815035074949, ""next_6m_delinquency_flag"": 0.004885133355855942, ""next_12m_default_flag"": 0.00041254126699641347, ""next_12m_prepayment_flag"": 0.2526881694793701}",Prepaid,0.05001828468285108,None,"[""subprime_flag"", ""forbearance_months""]",Auto-Approve,0.9999923706054688
109124303472,"{""next_3m_delinquency_flag"": 0.004848815035074949, ""next_6m_delinquency_flag"": 0.004885133355855942, ""next_12m_default_flag"": 0.00041254126699641347, ""next_12m_prepayment_flag"": 0.2646007239818573}",Prepaid,0.012695035369469665,None,"[""loan_utilization"", ""months_since_modification"", ""balance_delta_3m""]",Auto-Approve,0.999994158744812
109124303472,"{""next_3m_delinquency_flag"": 0.004848815035074949, ""next_6m_delinquency_flag"": 0.004885133355855942, ""next_12m_default_flag"": 0.00041254126699641347, ""next_12m_prepayment_flag"": 0.2646007239818573}",Prepaid,0.03326363376115734,None,"[""balance_delta_3m"", ""combined_ltv"", ""dpd_mean_6m"", ""delinquent_months_3m""]",Auto-Approve,0.9999955892562866
109124303472,"{""next_3m_delinquency_flag"": 0.004848815035074949, ""next_6m_delinquency_flag"": 0.004885133355855942, ""next_12m_default_flag"": 0.00041254126699641347, ""next_12m_prepayment_flag"": 0.2646007239818573}",Prepaid,0.03800081560345349,None,"[""amortgap_x_rate"", ""delinquent_months_6m""]",Auto-Approve,0.9999966621398926
109124303472,"{""next_3m_delinquency_flag"": 0.004848815035074949, ""next_6m_delinquency_flag"": 0.004885133355855942, ""next_12m_default_flag"": 0.00041254126699641347, ""next_12m_prepayment_flag"": 0.2646007239818573}",Prepaid,0.052555322869195766,None,"[""deferred_balance_pct""]",Auto-Approve,0.9999974966049194
109124303472,"{""next_3m_delinquency_flag"": 0.004848815035074949, ""next_6m_delinquency_flag"": 0.004885133355855942, ""next_12m_default_flag"": 0.00041254126699641347, ""next_12m_prepayment_flag"": 0.2646007239818573}",Prepaid,0.014514437734856923,None,"[""high_ltv_flag"", ""dlq_status_unreported""]",Auto-Approve,0.9999980926513672
109124303472,"{""next_3m_delinquency_flag"": 0.004848815035074949, ""next_6m_delinquency_flag"": 0.004885133355855942, ""next_12m_default_flag"": 0.00041254126699641347, ""next_12m_prepayment_flag"": 0.2646007239818573}",Prepaid,0.09124533138909853,None,"[""balance_pct_change_1m"", ""cum_missed_payments"", ""high_balance_flag"", ""num_units""]",Auto-Approve,0.9999985694885254
109124303472,"{""next_3m_delinquency_flag"": 0.004848815035074949, ""next_6m_delinquency_flag"": 0.004885133355855942, ""next_12m_default_flag"": 0.00041254126699641347, ""next_12m_prepayment_flag"": 0.2646007239818573}",Prepaid,0.03602020908176969,None,"[""dpd_mean_6m"", ""original_balance""]",Auto-Approve,0.999998927116394
109124303472,"{""next_3m_delinquency_flag"": 0.004848815035074949, ""next_6m_delinquency_flag"": 0.004885133355855942, ""next_12m_default_flag"": 0.00041254126699641347, ""next_12m_prepayment_flag"": 0.2646007239818573}",Prepaid,0.028260714498394093,None,"[""dpd_max_6m"", ""credit_risk_score"", ""remaining_term_months"", ""credit_score""]",Auto-Approve,0.9999991655349731
109124303472,"{""next_3m_delinquency_flag"": 0.004848815035074949, ""next_6m_delinquency_flag"": 0.004885133355855942, ""next_12m_default_flag"": 0.00041254126699641347, ""next_12m_prepayment_flag"": 0.2646007239818573}",Prepaid,0.004591553917403202,None,"[""dpd_mean_6m"", ""forbearance_months"", ""dlqhist_x_ltv"", ""days_past_due""]",Auto-Approve,0.9999994039535522
109124303472,"{""next_3m_delinquency_flag"": 0.004848815035074949, ""next_6m_delinquency_flag"": 0.004885133355855942, ""next_12m_default_flag"": 0.00041254126699641347, ""next_12m_prepayment_flag"": 0.2646007239818573}",Prepaid,0.04575021114135687,None,"[""high_ltv_flag"", ""combined_ltv"", ""vintage_quarter"", ""days_past_due""]",Auto-Approve,0.9999995231628418
109201005893,"{""next_3m_delinquency_flag"": 0.004848815035074949, ""next_6m_delinquency_flag"": 0.004885133355855942, ""next_12m_default_flag"": 0.00041254126699641347, ""next_12m_prepayment_flag"": 0.2646007239818573}",Prepaid,0.0895589234423792,None,"[""balance_reduction_ratio"", ""loan_utilization"", ""balance_unrecoverable""]",Auto-Approve,0.9999597072601318
109201005893,"{""next_3m_delinquency_flag"": 0.004848815035074949, ""next_6m_delinquency_flag"": 0.004885133355855942, ""next_12m_default_flag"": 0.00041254126699641347, ""next_12m_prepayment_flag"": 0.2646007239818573}",Prepaid,0.0991307120964383,None,"[""num_units"", ""credit_x_dti"", ""amortisation_gap"", ""balance_delta_3m"", ""current_interest_rate""]",Auto-Approve,0.9999700784683228
109201005893,"{""next_3m_delinquency_flag"": 0.004848815035074949, ""next_6m_delinquency_flag"": 0.004885133355855942, ""next_12m_default_flag"": 0.00041254126699641347, ""next_12m_prepayment_flag"": 0.2646007239818573}",Prepaid,0.044564744915679126,None,"[""first_time_buyer"", ""non_interest_bearing_upb"", ""credit_score""]",Auto-Approve,0.999977707862854
109201005893,"{""next_3m_delinquency_flag"": 0.004848815035074949, ""next_6m_delinquency_flag"": 0.004885133355855942, ""next_12m_default_flag"": 0.00041254126699641347, ""next_12m_prepayment_flag"": 0.2646007239818573}",Prepaid,0.036104202517961315,None,"[""dti_x_rate"", ""balance_delta_1m""]",Auto-Approve,0.9999834299087524
109201005893,"{""next_3m_delinquency_flag"": 0.004848815035074949, ""next_6m_delinquency_flag"": 0.004885133355855942, ""next_12m_default_flag"": 0.00041254126699641347, ""next_12m_prepayment_flag"": 0.2646007239818573}",Prepaid,0.04099754857394938,None,"[""dpd_mean_3m"", ""homeready_flag"", ""high_dti_flag""]",Auto-Approve,0.9999876022338867
109201005893,"{""next_3m_delinquency_flag"": 0.004848815035074949, ""next_6m_delinquency_flag"": 0.004885133355855942, ""next_12m_default_flag"": 0.00041254126699641347, ""next_12m_prepayment_flag"": 0.2646007239818573}",Prepaid,0.04376689100988032,None,"[""non_interest_bearing_upb"", ""ever_modified""]",Auto-Approve,0.9999908208847046
109201005893,"{""next_3m_delinquency_flag"": 0.004848815035074949, ""next_6m_delinquency_flag"": 0.004885133355855942, ""next_12m_default_flag"": 0.00041254126699641347, ""next_12m_prepayment_flag"": 0.2646007239818573}",Prepaid,0.06651475155096204,None,"[""balance_delta_1m"", ""dpd_mean_3m""]",Auto-Approve,0.999993085861206
109201005893,"{""next_3m_delinquency_flag"": 0.004848815035074949, ""next_6m_delinquency_flag"": 0.004885133355855942, ""next_12m_default_flag"": 0.00041254126699641347, ""next_12m_prepayment_flag"": 0.2646007239818573}",Prepaid,0.06309587649893765,None,[],Auto-Approve,0.9999948740005493
109201005893,"{""next_3m_delinquency_flag"": 0.004848815035074949, ""next_6m_delinquency_flag"": 0.004885133355855942, ""next_12m_default_flag"": 0.00041254126699641347, ""next_12m_prepayment_flag"": 0.2646007239818573}",Prepaid,0.01454288428374091,None,"[""balance_delta_3m"", ""modification_flag""]",Auto-Approve,0.9999961853027344
109201005893,"{""next_3m_delinquency_flag"": 0.004848815035074949, ""next_6m_delinquency_flag"": 0.004885133355855942, ""next_12m_default_flag"": 0.00041254126699641347, ""next_12m_prepayment_flag"": 0.2646007239818573}",Prepaid,0.015107588564137565,None,"[""principal_forgiveness"", ""remaining_balance_pct""]",Auto-Approve,0.9999971389770508
109201005893,"{""next_3m_delinquency_flag"": 0.004848815035074949, ""next_6m_delinquency_flag"": 0.004885133355855942, ""next_12m_default_flag"": 0.00041254126699641347, ""next_12m_prepayment_flag"": 0.2646007239818573}",Prepaid,0.030210131956334752,None,"[""dpd_delta_1m"", ""current_balance""]",Auto-Approve,0.9999978542327881
109201005893,"{""next_3m_delinquency_flag"": 0.004848815035074949, ""next_6m_delinquency_flag"": 0.004885133355855942, ""next_12m_default_flag"": 0.00041254126699641347, ""next_12m_prepayment_flag"": 0.2646007239818573}",Prepaid,0.03906865109378718,None,"[""modification_flag"", ""equity_cushion"", ""month_index""]",Auto-Approve,0.9999984502792358
109528047439,"{""next_3m_delinquency_flag"": 0.01551831141114235, ""next_6m_delinquency_flag"": 0.004885133355855942, ""next_12m_default_flag"": 0.00041254126699641347, ""next_12m_prepayment_flag"": 0.2646007239818573}",Prepaid,0.09713323177048082,None,"[""delinquent_months_6m"", ""dpd_mean_12m""]",Auto-Approve,0.9919527173042297
109528047439,"{""next_3m_delinquency_flag"": 0.012232416309416294, ""next_6m_delinquency_flag"": 0.004885133355855942, ""next_12m_default_flag"": 0.00041254126699641347, ""next_12m_prepayment_flag"": 0.2646007239818573}",Prepaid,0.07030277211523497,None,"[""dpd_delta_1m"", ""dpd_max_12m""]",Auto-Approve,0.9940177202224731
109528047439,"{""next_3m_delinquency_flag"": 0.012232416309416294, ""next_6m_delinquency_flag"": 0.004885133355855942, ""next_12m_default_flag"": 0.00041254126699641347, ""next_12m_prepayment_flag"": 0.2646007239818573}",Prepaid,0.04331963730788403,None,"[""is_seasoned""]",Auto-Approve,0.9955505132675171
109528047439,"{""next_3m_delinquency_flag"": 0.010746268555521965, ""next_6m_delinquency_flag"": 0.004885133355855942, ""next_12m_default_flag"": 0.00041254126699641347, ""next_12m_prepayment_flag"": 0.2646007239818573}",Prepaid,0.0678357767998934,None,"[""non_interest_bearing_upb"", ""delinquent_months_6m"", ""balance_imputed""]",Auto-Approve,0.9966885447502136
109528047439,"{""next_3m_delinquency_flag"": 0.010746268555521965, ""next_6m_delinquency_flag"": 0.004885133355855942, ""next_12m_default_flag"": 0.00041254126699641347, ""next_12m_prepayment_flag"": 0.2646007239818573}",Prepaid,0.06468408026527551,None,"[""homeready_flag"", ""cum_delinquent_months""]",Auto-Approve,0.9975337982177734
109528047439,"{""next_3m_delinquency_flag"": 0.010746268555521965, ""next_6m_delinquency_flag"": 0.004885133355855942, ""next_12m_default_flag"": 0.00041254126699641347, ""next_12m_prepayment_flag"": 0.2646007239818573}",Prepaid,0.06548305302501663,None,"[""dpd_mean_6m"", ""homeready_flag""]",Auto-Approve,0.9981620907783508
109528047439,"{""next_3m_delinquency_flag"": 0.010746268555521965, ""next_6m_delinquency_flag"": 0.004885133355855942, ""next_12m_default_flag"": 0.00041254126699641347, ""next_12m_prepayment_flag"": 0.2646007239818573}",Prepaid,0.08469542669633023,None,[],Auto-Approve,0.9986293315887451
109528047439,"{""next_3m_delinquency_flag"": 0.010746268555521965, ""next_6m_delinquency_flag"": 0.004885133355855942, ""next_12m_default_flag"": 0.00041254126699641347, ""next_12m_prepayment_flag"": 0.2646007239818573}",Prepaid,0.0975251909038726,None,"[""balance_delta_3m"", ""cum_missed_payments"", ""combined_ltv""]",Auto-Approve,0.9989770650863647
109528047439,"{""next_3m_delinquency_flag"": 0.010746268555521965, ""next_6m_delinquency_flag"": 0.004885133355855942, ""next_12m_default_flag"": 0.00041254126699641347, ""next_12m_prepayment_flag"": 0.2646007239818573}",Prepaid,0.08187362084813499,None,"[""remaining_term_months"", ""equity_cushion"", ""credit_x_ltv""]",Auto-Approve,0.9992361068725586
109528047439,"{""next_3m_delinquency_flag"": 0.010746268555521965, ""next_6m_delinquency_flag"": 0.004885133355855942, ""next_12m_default_flag"": 0.00041254126699641347, ""next_12m_prepayment_flag"": 0.2646007239818573}",Prepaid,0.04413712964653132,None,"[""dlq_status_unreported""]",Auto-Approve,0.9994290471076965
109528047439,"{""next_3m_delinquency_flag"": 0.010746268555521965, ""next_6m_delinquency_flag"": 0.004885133355855942, ""next_12m_default_flag"": 0.00041254126699641347, ""next_12m_prepayment_flag"": 0.2646007239818573}",Prepaid,0.08230543642858355,None,"[""balance_pct_change_1m""]",Auto-Approve,0.9995730519294739
109528047439,"{""next_3m_delinquency_flag"": 0.010746268555521965, ""next_6m_delinquency_flag"": 0.004885133355855942, ""next_12m_default_flag"": 0.00041254126699641347, ""next_12m_prepayment_flag"": 0.2646007239818573}",Prepaid,0.012502401483348824,None,"[""dpd_delta_1m"", ""dpd_max_6m"", ""non_interest_bearing_upb""]",Auto-Approve,0.9996806383132935
109623526776,"{""next_3m_delinquency_flag"": 0.004848815035074949, ""next_6m_delinquency_flag"": 0.004885133355855942, ""next_12m_default_flag"": 0.00041254126699641347, ""next_12m_prepayment_flag"": 0.182036891579628}",Prepaid,0.048658522944493646,None,"[""dpd_lag_1"", ""credit_score"", ""homeready_flag""]",Auto-Approve,0.9999997615814209
109623526776,"{""next_3m_delinquency_flag"": 0.004848815035074949, ""next_6m_delinquency_flag"": 0.004885133355855942, ""next_12m_default_flag"": 0.00041254126699641347, ""next_12m_prepayment_flag"": 0.182036891579628}",Prepaid,0.07994548678356239,None,"[""subprime_flag"", ""dpd_mean_12m"", ""original_balance"", ""modification_flag""]",Auto-Approve,0.9999998807907104
109623526776,"{""next_3m_delinquency_flag"": 0.004848815035074949, ""next_6m_delinquency_flag"": 0.004885133355855942, ""next_12m_default_flag"": 0.00041254126699641347, ""next_12m_prepayment_flag"": 0.19356708228588104}",Prepaid,0.06064924879731273,None,"[""mi_pct"", ""dlqhist_x_ltv"", ""dpd_lag_1""]",Auto-Approve,0.9999998807907104
109623526776,"{""next_3m_delinquency_flag"": 0.004848815035074949, ""next_6m_delinquency_flag"": 0.004885133355855942, ""next_12m_default_flag"": 0.00041254126699641347, ""next_12m_prepayment_flag"": 0.19356708228588104}",Prepaid,0.06865553496074071,None,"[""amortgap_x_rate""]",Auto-Approve,0.9999998807907104
109623526776,"{""next_3m_delinquency_flag"": 0.004848815035074949, ""next_6m_delinquency_flag"": 0.004885133355855942, ""next_12m_default_flag"": 0.00041254126699641347, ""next_12m_prepayment_flag"": 0.19356708228588104}",Prepaid,0.0011927218956762076,None,"[""term_elapsed_pct""]",Auto-Approve,0.9999998807907104
109623526776,"{""next_3m_delinquency_flag"": 0.004848815035074949, ""next_6m_delinquency_flag"": 0.004885133355855942, ""next_12m_default_flag"": 0.00041254126699641347, ""next_12m_prepayment_flag"": 0.19356708228588104}",Prepaid,0.02420093875902718,None,"[""dpd_delta_1m""]",Auto-Approve,0.9999983310699463
109623526776,"{""next_3m_delinquency_flag"": 0.004848815035074949, ""next_6m_delinquency_flag"": 0.004885133355855942, ""next_12m_default_flag"": 0.00041254126699641347, ""next_12m_prepayment_flag"": 0.19356708228588104}",Prepaid,0.02467483228985198,None,"[""delinquent_months_12m"", ""balance_unrecoverable"", ""dlq_months"", ""ever_modified""]",Auto-Approve,0.9999986886978149
109623526776,"{""next_3m_delinquency_flag"": 0.004848815035074949, ""next_6m_delinquency_flag"": 0.004885133355855942, ""next_12m_default_flag"": 0.00041254126699641347, ""next_12m_prepayment_flag"": 0.20720720291137695}",Prepaid,0.02796694587027353,None,"[""forbearance_months"", ""dpd_lag_3""]",Auto-Approve,0.9999990463256836
109623526776,"{""next_3m_delinquency_flag"": 0.004848815035074949, ""next_6m_delinquency_flag"": 0.004885133355855942, ""next_12m_default_flag"": 0.00041254126699641347, ""next_12m_prepayment_flag"": 0.20720720291137695}",Prepaid,0.04890231928714878,None,"[""balance_pct_change_1m""]",Auto-Approve,0.9999992847442627
109623526776,"{""next_3m_delinquency_flag"": 0.004848815035074949, ""next_6m_delinquency_flag"": 0.004885133355855942, ""next_12m_default_flag"": 0.00041254126699641347, ""next_12m_prepayment_flag"": 0.2361111044883728}",Prepaid,0.04270873036956681,None,"[""n_hard_failures"", ""dpd_lag_1""]",Auto-Approve,0.9999995231628418
109623526776,"{""next_3m_delinquency_flag"": 0.004848815035074949, ""next_6m_delinquency_flag"": 0.004885133355855942, ""next_12m_default_flag"": 0.00041254126699641347, ""next_12m_prepayment_flag"": 0.2526881694793701}",Prepaid,0.02652293268150803,None,"[""modification_flag"", ""dti_x_rate""]",Auto-Approve,0.9999996423721313
109623526776,"{""next_3m_delinquency_flag"": 0.004848815035074949, ""next_6m_delinquency_flag"": 0.004885133355855942, ""next_12m_default_flag"": 0.00041254126699641347, ""next_12m_prepayment_flag"": 0.2646007239818573}",Prepaid,0.0016126926997385828,None,"[""balance_unrecoverable"", ""current_balance"", ""dlqhist_x_ltv""]",Auto-Approve,0.9999997615814209
109634014566,"{""next_3m_delinquency_flag"": 0.004848815035074949, ""next_6m_delinquency_flag"": 0.004885133355855942, ""next_12m_default_flag"": 0.00041254126699641347, ""next_12m_prepayment_flag"": 0.2646007239818573}",Prepaid,0.017358760578651856,None,"[""ever_forbearance"", ""credit_x_ltv""]",Auto-Approve,0.999981164932251
109634014566,"{""next_3m_delinquency_flag"": 0.004848815035074949, ""next_6m_delinquency_flag"": 0.004885133355855942, ""next_12m_default_flag"": 0.00041254126699641347, ""next_12m_prepayment_flag"": 0.2646007239818573}",Prepaid,0.017642452655156984,None,"[""months_since_modification"", ""dpd_mean_12m"", ""num_borrowers""]",Auto-Approve,0.9999873638153076
109634014566,"{""next_3m_delinquency_flag"": 0.004848815035074949, ""next_6m_delinquency_flag"": 0.004885133355855942, ""next_12m_default_flag"": 0.00041254126699641347, ""next_12m_prepayment_flag"": 0.2646007239818573}",Prepaid,0.016656676522812875,None,"[""credit_risk_score"", ""ever_forbearance"", ""current_balance"", ""n_hard_failures""]",Auto-Approve,0.9999915361404419
109634014566,"{""next_3m_delinquency_flag"": 0.004848815035074949, ""next_6m_delinquency_flag"": 0.004885133355855942, ""next_12m_default_flag"": 0.00041254126699641347, ""next_12m_prepayment_flag"": 0.2646007239818573}",Prepaid,0.03657289843246532,None,"[""original_balance"", ""dpd_mean_12m"", ""cum_missed_payments""]",Auto-Approve,0.9999942779541016
109634014566,"{""next_3m_delinquency_flag"": 0.004848815035074949, ""next_6m_delinquency_flag"": 0.004885133355855942, ""next_12m_default_flag"": 0.00041254126699641347, ""next_12m_prepayment_flag"": 0.2646007239818573}",Prepaid,0.09058599902163975,None,"[""forbearance_months"", ""is_seasoned""]",Auto-Approve,0.9999960660934448
109634014566,"{""next_3m_delinquency_flag"": 0.004848815035074949, ""next_6m_delinquency_flag"": 0.004885133355855942, ""next_12m_default_flag"": 0.00041254126699641347, ""next_12m_prepayment_flag"": 0.2646007239818573}",Prepaid,0.07369398844615574,None,"[""dpd_max_6m""]",Auto-Approve,0.9999973773956299
109634014566,"{""next_3m_delinquency_flag"": 0.004848815035074949, ""next_6m_delinquency_flag"": 0.004885133355855942, ""next_12m_default_flag"": 0.00041254126699641347, ""next_12m_prepayment_flag"": 0.2646007239818573}",Prepaid,0.06983072769740976,None,"[""cum_missed_payments"", ""rate_gap"", ""homeready_flag""]",Auto-Approve,0.9999982118606567
109634014566,"{""next_3m_delinquency_flag"": 0.004848815035074949, ""next_6m_delinquency_flag"": 0.004885133355855942, ""next_12m_default_flag"": 0.00041254126699641347, ""next_12m_prepayment_flag"": 0.2646007239818573}",Prepaid,0.06402550826611694,None,"[""principal_forgiveness"", ""balance_delta_3m"", ""dti""]",Auto-Approve,0.9999988079071045
109634014566,"{""next_3m_delinquency_flag"": 0.004848815035074949, ""next_6m_delinquency_flag"": 0.004885133355855942, ""next_12m_default_flag"": 0.00041254126699641347, ""next_12m_prepayment_flag"": 0.2646007239818573}",Prepaid,0.09137845574592883,None,"[""delinquent_months_6m"", ""equity_cushion"", ""ever_modified"", ""num_units""]",Auto-Approve,0.9999991655349731
109634014566,"{""next_3m_delinquency_flag"": 0.004848815035074949, ""next_6m_delinquency_flag"": 0.004885133355855942, ""next_12m_default_flag"": 0.00041254126699641347, ""next_12m_prepayment_flag"": 0.2646007239818573}",Prepaid,0.07070365870475827,None,"[""cum_missed_payments"", ""dpd_mean_6m""]",Auto-Approve,0.9999994039535522
109634014566,"{""next_3m_delinquency_flag"": 0.004848815035074949, ""next_6m_delinquency_flag"": 0.004885133355855942, ""next_12m_default_flag"": 0.00041254126699641347, ""next_12m_prepayment_flag"": 0.2646007239818573}",Prepaid,0.034510257022632516,None,"[""loan_utilization"", ""original_term_months"", ""forbearance_months""]",Auto-Approve,0.9999996423721313
109634014566,"{""next_3m_delinquency_flag"": 0.004848815035074949, ""next_6m_delinquency_flag"": 0.004885133355855942, ""next_12m_default_flag"": 0.00041254126699641347, ""next_12m_prepayment_flag"": 0.2646007239818573}",Prepaid,0.06942945602344529,None,"[""n_hard_failures"", ""days_past_due""]",Auto-Approve,0.9999997615814209
109891413676,"{""next_3m_delinquency_flag"": 0.004848815035074949, ""next_6m_delinquency_flag"": 0.004885133355855942, ""next_12m_default_flag"": 0.00041254126699641347, ""next_12m_prepayment_flag"": 0.2646007239818573}",Prepaid,0.09026677146645917,None,"[""remaining_term_months"", ""dlq_status_unreported"", ""dpd_lag_1""]",Auto-Approve,0.9999582767486572
109891413676,"{""next_3m_delinquency_flag"": 0.004848815035074949, ""next_6m_delinquency_flag"": 0.004885133355855942, ""next_12m_default_flag"": 0.00041254126699641347, ""next_12m_prepayment_flag"": 0.2646007239818573}",Prepaid,0.03957994978016821,None,"[""dpd_delta_1m""]",Auto-Approve,0.9999711513519287
109891413676,"{""next_3m_delinquency_flag"": 0.004848815035074949, ""next_6m_delinquency_flag"": 0.004885133355855942, ""next_12m_default_flag"": 0.00041254126699641347, ""next_12m_prepayment_flag"": 0.2646007239818573}",Prepaid,0.054227189240377296,None,"[""vintage_year"", ""dti""]",Auto-Approve,0.9999799728393555
109891413676,"{""next_3m_delinquency_flag"": 0.004848815035074949, ""next_6m_delinquency_flag"": 0.004885133355855942, ""next_12m_default_flag"": 0.00041254126699641347, ""next_12m_prepayment_flag"": 0.09059763699769974}",Prepaid,0.09513628779430959,None,"[""current_balance"", ""current_interest_rate"", ""vintage_quarter"", ""co_borrower_credit_score""]",Auto-Approve,1.0
110037863890,"{""next_3m_delinquency_flag"": 0.004848815035074949, ""next_6m_delinquency_flag"": 0.004885133355855942, ""next_12m_default_flag"": 0.00041254126699641347, ""next_12m_prepayment_flag"": 0.2646007239818573}",Prepaid,0.045823107507706864,None,"[""homeready_flag"", ""n_soft_failures"", ""high_balance_flag""]",Auto-Approve,0.9999992847442627
110037863890,"{""next_3m_delinquency_flag"": 0.004848815035074949, ""next_6m_delinquency_flag"": 0.004885133355855942, ""next_12m_default_flag"": 0.00041254126699641347, ""next_12m_prepayment_flag"": 0.2646007239818573}",Prepaid,0.0804920566190341,None,"[""days_past_due"", ""high_dti_flag"", ""balance_pct_change_1m""]",Auto-Approve,0.9999995231628418
110037863890,"{""next_3m_delinquency_flag"": 0.004848815035074949, ""next_6m_delinquency_flag"": 0.004885133355855942, ""next_12m_default_flag"": 0.00041254126699641347, ""next_12m_prepayment_flag"": 0.2646007239818573}",Prepaid,0.07305378762323125,None,"[""current_interest_rate"", ""equity_cushion"", ""ever_delinquent""]",Auto-Approve,0.9999996423721313
110037863890,"{""next_3m_delinquency_flag"": 0.004848815035074949, ""next_6m_delinquency_flag"": 0.004885133355855942, ""next_12m_default_flag"": 0.00041254126699641347, ""next_12m_prepayment_flag"": 0.2646007239818573}",Prepaid,0.05928241799200035,None,"[""dpd_lag_1"", ""credit_risk_score"", ""cum_missed_payments""]",Auto-Approve,0.9999997615814209
110037863890,"{""next_3m_delinquency_flag"": 0.004848815035074949, ""next_6m_delinquency_flag"": 0.004885133355855942, ""next_12m_default_flag"": 0.00041254126699641347, ""next_12m_prepayment_flag"": 0.2646007239818573}",Prepaid,0.07718798029668311,None,"[""dpd_mean_12m"", ""num_units"", ""balance_delta_1m""]",Auto-Approve,0.9999997615814209
110037863890,"{""next_3m_delinquency_flag"": 0.004848815035074949, ""next_6m_delinquency_flag"": 0.004885133355855942, ""next_12m_default_flag"": 0.00041254126699641347, ""next_12m_prepayment_flag"": 0.2646007239818573}",Prepaid,0.05384710759254599,None,"[""cum_delinquent_months"", ""loan_age_months"", ""vintage_year"", ""homeready_flag""]",Auto-Approve,0.9999998807907104
110037863890,"{""next_3m_delinquency_flag"": 0.004848815035074949, ""next_6m_delinquency_flag"": 0.004885133355855942, ""next_12m_default_flag"": 0.00041254126699641347, ""next_12m_prepayment_flag"": 0.2646007239818573}",Prepaid,0.08091638472276091,None,"[""loan_utilization"", ""month_index"", ""scheduled_principal""]",Auto-Approve,0.9999998807907104
110037863890,"{""next_3m_delinquency_flag"": 0.004848815035074949, ""next_6m_delinquency_flag"": 0.004885133355855942, ""next_12m_default_flag"": 0.00041254126699641347, ""next_12m_prepayment_flag"": 0.2646007239818573}",Prepaid,0.0821608449831988,None,"[""combined_ltv"", ""remaining_term_months"", ""dpd_lag_1"", ""modification_flag""]",Auto-Approve,0.9999998807907104
110037863890,"{""next_3m_delinquency_flag"": 0.004848815035074949, ""next_6m_delinquency_flag"": 0.004885133355855942, ""next_12m_default_flag"": 0.00041254126699641347, ""next_12m_prepayment_flag"": 0.2646007239818573}",Prepaid,0.0877439854590602,None,"[""original_balance"", ""scheduled_principal""]",Auto-Approve,0.9999998807907104
110037863890,"{""next_3m_delinquency_flag"": 0.004848815035074949, ""next_6m_delinquency_flag"": 0.004885133355855942, ""next_12m_default_flag"": 0.00041254126699641347, ""next_12m_prepayment_flag"": 0.2646007239818573}",Prepaid,0.07166426973839952,None,"[""dlq_months"", ""cum_missed_payments""]",Auto-Approve,1.0
110037863890,"{""next_3m_delinquency_flag"": 0.004848815035074949, ""next_6m_delinquency_flag"": 0.004885133355855942, ""next_12m_default_flag"": 0.00041254126699641347, ""next_12m_prepayment_flag"": 0.2646007239818573}",Prepaid,0.029734834428623805,None,"[""high_ltv_flag"", ""loan_utilization""]",Auto-Approve,1.0
110037863890,"{""next_3m_delinquency_flag"": 0.004848815035074949, ""next_6m_delinquency_flag"": 0.004885133355855942, ""next_12m_default_flag"": 0.00041254126699641347, ""next_12m_prepayment_flag"": 0.2646007239818573}",Prepaid,0.04439167683442659,None,"[""high_dti_flag"", ""mi_pct"", ""dpd_max_6m""]",Auto-Approve,1.0
110303179347,"{""next_3m_delinquency_flag"": 0.004848815035074949, ""next_6m_delinquency_flag"": 0.004885133355855942, ""next_12m_default_flag"": 0.00041254126699641347, ""next_12m_prepayment_flag"": 0.2646007239818573}",Prepaid,0.08780392906911655,None,"[""num_units"", ""equity_cushion"", ""non_interest_bearing_upb""]",Auto-Approve,0.999640941619873
110303179347,"{""next_3m_delinquency_flag"": 0.004848815035074949, ""next_6m_delinquency_flag"": 0.004885133355855942, ""next_12m_default_flag"": 0.00041254126699641347, ""next_12m_prepayment_flag"": 0.2646007239818573}",Prepaid,0.00026874717375280355,None,"[""rate_gap""]",Auto-Approve,0.9997301697731018
110303179347,"{""next_3m_delinquency_flag"": 0.004848815035074949, ""next_6m_delinquency_flag"": 0.004885133355855942, ""next_12m_default_flag"": 0.00041254126699641347, ""next_12m_prepayment_flag"": 0.2646007239818573}",Prepaid,0.009231517903729636,None,"[""co_borrower_credit_score"", ""first_time_buyer""]",Auto-Approve,0.9997971653938293
110303179347,"{""next_3m_delinquency_flag"": 0.004848815035074949, ""next_6m_delinquency_flag"": 0.004885133355855942, ""next_12m_default_flag"": 0.00041254126699641347, ""next_12m_prepayment_flag"": 0.2646007239818573}",Prepaid,0.0329368014546047,None,"[""dpd_max_12m"", ""loan_age_risk""]",Auto-Approve,0.999847412109375
110303179347,"{""next_3m_delinquency_flag"": 0.004848815035074949, ""next_6m_delinquency_flag"": 0.004885133355855942, ""next_12m_default_flag"": 0.00041254126699641347, ""next_12m_prepayment_flag"": 0.2646007239818573}",Prepaid,0.03194229094053069,None,"[""forbearance_months"", ""months_since_modification"", ""remaining_term_months"", ""principal_forgiveness"", ""ltv""]",Auto-Approve,0.9998853206634521
110303179347,"{""next_3m_delinquency_flag"": 0.004848815035074949, ""next_6m_delinquency_flag"": 0.004885133355855942, ""next_12m_default_flag"": 0.00041254126699641347, ""next_12m_prepayment_flag"": 0.2646007239818573}",Prepaid,0.03755213590571667,None,"[""balance_unrecoverable"", ""balance_reduction_ratio"", ""original_term_months"", ""ltv""]",Auto-Approve,0.9999136924743652
110303179347,"{""next_3m_delinquency_flag"": 0.004848815035074949, ""next_6m_delinquency_flag"": 0.004885133355855942, ""next_12m_default_flag"": 0.00041254126699641347, ""next_12m_prepayment_flag"": 0.2646007239818573}",Prepaid,0.0076906124311515,None,"[""original_balance"", ""vintage_year"", ""remaining_balance_pct""]",Auto-Approve,0.9999350309371948
110303179347,"{""next_3m_delinquency_flag"": 0.004848815035074949, ""next_6m_delinquency_flag"": 0.004885133355855942, ""next_12m_default_flag"": 0.00041254126699641347, ""next_12m_prepayment_flag"": 0.2646007239818573}",Prepaid,0.030472115002821865,None,"[""equity_cushion"", ""interest_rate"", ""dpd_max_3m""]",Auto-Approve,0.9999511241912842
110303179347,"{""next_3m_delinquency_flag"": 0.004848815035074949, ""next_6m_delinquency_flag"": 0.004885133355855942, ""next_12m_default_flag"": 0.00041254126699641347, ""next_12m_prepayment_flag"": 0.2646007239818573}",Prepaid,0.03490185332350733,None,"[""deferred_balance_pct"", ""balance_delta_3m""]",Auto-Approve,0.9999631643295288
110303179347,"{""next_3m_delinquency_flag"": 0.004848815035074949, ""next_6m_delinquency_flag"": 0.004885133355855942, ""next_12m_default_flag"": 0.00041254126699641347, ""next_12m_prepayment_flag"": 0.2646007239818573}",Prepaid,0.08825698820117667,None,"[""debt_burden""]",Auto-Approve,0.9999723434448242
110303179347,"{""next_3m_delinquency_flag"": 0.004848815035074949, ""next_6m_delinquency_flag"": 0.004885133355855942, ""next_12m_default_flag"": 0.00041254126699641347, ""next_12m_prepayment_flag"": 0.2646007239818573}",Prepaid,0.09379034065859772,None,"[""dpd_mean_6m"", ""cum_missed_payments"", ""vintage_year""]",Auto-Approve,0.9999794960021973
110303179347,"{""next_3m_delinquency_flag"": 0.004848815035074949, ""next_6m_delinquency_flag"": 0.004885133355855942, ""next_12m_default_flag"": 0.00041254126699641347, ""next_12m_prepayment_flag"": 0.2646007239818573}",Prepaid,0.003717262323619486,None,"[""dpd_mean_12m"", ""months_since_modification"", ""month_index""]",Auto-Approve,0.9999845027923584
110396518872,"{""next_3m_delinquency_flag"": 0.004848815035074949, ""next_6m_delinquency_flag"": 0.004885133355855942, ""next_12m_default_flag"": 0.00041254126699641347, ""next_12m_prepayment_flag"": 0.2361111044883728}",Prepaid,0.05885422153786161,None,"[""high_ltv_flag"", ""deferred_balance_pct"", ""balance_delta_1m""]",Auto-Approve,0.9999871253967285
110396518872,"{""next_3m_delinquency_flag"": 0.004848815035074949, ""next_6m_delinquency_flag"": 0.004885133355855942, ""next_12m_default_flag"": 0.00041254126699641347, ""next_12m_prepayment_flag"": 0.2526881694793701}",Prepaid,0.08894718480665126,None,"[""days_past_due"", ""dpd_delta_1m""]",Auto-Approve,0.9999902248382568
110396518872,"{""next_3m_delinquency_flag"": 0.004848815035074949, ""next_6m_delinquency_flag"": 0.004885133355855942, ""next_12m_default_flag"": 0.00041254126699641347, ""next_12m_prepayment_flag"": 0.2526881694793701}",Prepaid,0.009106527437003088,None,"[""credit_x_dti"", ""n_hard_failures""]",Auto-Approve,0.9999926090240479
110396518872,"{""next_3m_delinquency_flag"": 0.004848815035074949, ""next_6m_delinquency_flag"": 0.004885133355855942, ""next_12m_default_flag"": 0.00041254126699641347, ""next_12m_prepayment_flag"": 0.2646007239818573}",Prepaid,0.003037599740880648,None,"[""forbearance_flag""]",Auto-Approve,0.9999943971633911
110396518872,"{""next_3m_delinquency_flag"": 0.004848815035074949, ""next_6m_delinquency_flag"": 0.004885133355855942, ""next_12m_default_flag"": 0.00041254126699641347, ""next_12m_prepayment_flag"": 0.2646007239818573}",Prepaid,0.09285597163214705,None,"[""num_units""]",Auto-Approve,0.9999958276748657
110396518872,"{""next_3m_delinquency_flag"": 0.004848815035074949, ""next_6m_delinquency_flag"": 0.004885133355855942, ""next_12m_default_flag"": 0.00041254126699641347, ""next_12m_prepayment_flag"": 0.2646007239818573}",Prepaid,0.0403856549746943,None,"[""delinquent_months_12m"", ""current_balance"", ""dpd_lag_1"", ""dpd_mean_12m""]",Auto-Approve,0.9999969005584717
110396518872,"{""next_3m_delinquency_flag"": 0.004848815035074949, ""next_6m_delinquency_flag"": 0.004885133355855942, ""next_12m_default_flag"": 0.00041254126699641347, ""next_12m_prepayment_flag"": 0.2646007239818573}",Prepaid,0.08116521534394848,None,"[""forbearance_flag"", ""vintage_year""]",Auto-Approve,0.999997615814209
110396518872,"{""next_3m_delinquency_flag"": 0.004848815035074949, ""next_6m_delinquency_flag"": 0.004885133355855942, ""next_12m_default_flag"": 0.00041254126699641347, ""next_12m_prepayment_flag"": 0.2646007239818573}",Prepaid,0.01906737948597137,None,"[""ever_modified"", ""remaining_balance_pct""]",Auto-Approve,0.9999982118606567
110396518872,"{""next_3m_delinquency_flag"": 0.004848815035074949, ""next_6m_delinquency_flag"": 0.004885133355855942, ""next_12m_default_flag"": 0.00041254126699641347, ""next_12m_prepayment_flag"": 0.2646007239818573}",Prepaid,0.027798443305189637,None,"[""num_units"", ""credit_x_dti""]",Auto-Approve,0.9999986886978149
110396518872,"{""next_3m_delinquency_flag"": 0.004848815035074949, ""next_6m_delinquency_flag"": 0.004885133355855942, ""next_12m_default_flag"": 0.00041254126699641347, ""next_12m_prepayment_flag"": 0.2646007239818573}",Prepaid,0.04295231349229624,None,"[""dpd_mean_3m"", ""balance_delta_1m"", ""rate_gap""]",Auto-Approve,0.999998927116394
110396518872,"{""next_3m_delinquency_flag"": 0.004848815035074949, ""next_6m_delinquency_flag"": 0.004885133355855942, ""next_12m_default_flag"": 0.00041254126699641347, ""next_12m_prepayment_flag"": 0.2646007239818573}",Prepaid,0.0523327711721856,None,"[""dpd_lag_3"", ""vintage_year"", ""high_ltv_flag""]",Auto-Approve,0.9999992847442627
110396518872,"{""next_3m_delinquency_flag"": 0.004848815035074949, ""next_6m_delinquency_flag"": 0.004885133355855942, ""next_12m_default_flag"": 0.00041254126699641347, ""next_12m_prepayment_flag"": 0.2646007239818573}",Prepaid,0.04878100925596373,None,"[""balance_delta_3m"", ""term_elapsed_pct""]",Auto-Approve,0.9999994039535522
110463924996,"{""next_3m_delinquency_flag"": 0.004848815035074949, ""next_6m_delinquency_flag"": 0.004885133355855942, ""next_12m_default_flag"": 0.00041254126699641347, ""next_12m_prepayment_flag"": 0.2646007239818573}",Prepaid,0.0017761098242149555,None,"[""months_since_modification"", ""remaining_balance_pct"", ""original_term_months""]",Auto-Approve,0.9999915361404419
110463924996,"{""next_3m_delinquency_flag"": 0.004848815035074949, ""next_6m_delinquency_flag"": 0.004885133355855942, ""next_12m_default_flag"": 0.00041254126699641347, ""next_12m_prepayment_flag"": 0.2646007239818573}",Prepaid,0.01927110101575823,None,"[""balance_delta_1m"", ""dpd_lag_1"", ""balance_unrecoverable""]",Auto-Approve,0.9999936819076538
110463924996,"{""next_3m_delinquency_flag"": 0.004848815035074949, ""next_6m_delinquency_flag"": 0.004885133355855942, ""next_12m_default_flag"": 0.00041254126699641347, ""next_12m_prepayment_flag"": 0.2646007239818573}",Prepaid,0.06587820855115237,None,"[""equity_cushion""]",Auto-Approve,0.9999953508377075
110463924996,"{""next_3m_delinquency_flag"": 0.004848815035074949, ""next_6m_delinquency_flag"": 0.004885133355855942, ""next_12m_default_flag"": 0.00041254126699641347, ""next_12m_prepayment_flag"": 0.2646007239818573}",Prepaid,0.0010030613624005258,None,"[""cum_delinquent_months"", ""high_dti_flag"", ""n_hard_failures""]",Auto-Approve,0.999996542930603
110463924996,"{""next_3m_delinquency_flag"": 0.004848815035074949, ""next_6m_delinquency_flag"": 0.004885133355855942, ""next_12m_default_flag"": 0.00041254126699641347, ""next_12m_prepayment_flag"": 0.2646007239818573}",Prepaid,0.01712217059499508,None,"[""month_index"", ""balance_imputed""]",Auto-Approve,0.9999973773956299
110463924996,"{""next_3m_delinquency_flag"": 0.004848815035074949, ""next_6m_delinquency_flag"": 0.004885133355855942, ""next_12m_default_flag"": 0.00041254126699641347, ""next_12m_prepayment_flag"": 0.2646007239818573}",Prepaid,0.00831438142734472,None,"[""vintage_quarter"", ""ever_delinquent""]",Auto-Approve,0.9999980926513672
110463924996,"{""next_3m_delinquency_flag"": 0.004848815035074949, ""next_6m_delinquency_flag"": 0.004885133355855942, ""next_12m_default_flag"": 0.00041254126699641347, ""next_12m_prepayment_flag"": 0.2646007239818573}",Prepaid,0.07031039871886195,None,"[""first_time_buyer"", ""co_borrower_credit_score"", ""balance_imputed""]",Auto-Approve,0.9999985694885254
110463924996,"{""next_3m_delinquency_flag"": 0.004848815035074949, ""next_6m_delinquency_flag"": 0.004885133355855942, ""next_12m_default_flag"": 0.00041254126699641347, ""next_12m_prepayment_flag"": 0.2646007239818573}",Prepaid,0.021717080698340042,None,"[""cum_delinquent_months"", ""num_borrowers""]",Auto-Approve,0.999998927116394
110463924996,"{""next_3m_delinquency_flag"": 0.004848815035074949, ""next_6m_delinquency_flag"": 0.004885133355855942, ""next_12m_default_flag"": 0.00041254126699641347, ""next_12m_prepayment_flag"": 0.2646007239818573}",Prepaid,0.057292073691889746,None,"[""high_ltv_flag"", ""modification_flag"", ""remaining_balance_pct""]",Auto-Approve,0.9999991655349731
110463924996,"{""next_3m_delinquency_flag"": 0.004848815035074949, ""next_6m_delinquency_flag"": 0.004885133355855942, ""next_12m_default_flag"": 0.00041254126699641347, ""next_12m_prepayment_flag"": 0.2646007239818573}",Prepaid,0.020092146344113094,None,"[""n_soft_failures"", ""delinquent_months_6m"", ""is_seasoned""]",Auto-Approve,0.9999994039535522
110463924996,"{""next_3m_delinquency_flag"": 0.004848815035074949, ""next_6m_delinquency_flag"": 0.004885133355855942, ""next_12m_default_flag"": 0.00041254126699641347, ""next_12m_prepayment_flag"": 0.2646007239818573}",Prepaid,0.02751705667369201,None,"[""num_borrowers"", ""n_soft_failures"", ""ever_forbearance""]",Auto-Approve,0.9999995231628418
110463924996,"{""next_3m_delinquency_flag"": 0.004848815035074949, ""next_6m_delinquency_flag"": 0.004885133355855942, ""next_12m_default_flag"": 0.00041254126699641347, ""next_12m_prepayment_flag"": 0.2646007239818573}",Prepaid,0.024276100678314306,None,[],Auto-Approve,0.9999996423721313
110611334320,"{""next_3m_delinquency_flag"": 0.004848815035074949, ""next_6m_delinquency_flag"": 0.004885133355855942, ""next_12m_default_flag"": 0.00041254126699641347, ""next_12m_prepayment_flag"": 0.2646007239818573}",Prepaid,0.0328074199178715,None,"[""num_borrowers"", ""loan_utilization"", ""balance_imputed""]",Auto-Approve,0.9999986886978149
110611334320,"{""next_3m_delinquency_flag"": 0.004848815035074949, ""next_6m_delinquency_flag"": 0.004885133355855942, ""next_12m_default_flag"": 0.00041254126699641347, ""next_12m_prepayment_flag"": 0.2646007239818573}",Prepaid,0.059635702086343806,None,"[""balance_delta_3m"", ""days_past_due""]",Auto-Approve,0.9999990463256836
110611334320,"{""next_3m_delinquency_flag"": 0.004848815035074949, ""next_6m_delinquency_flag"": 0.004885133355855942, ""next_12m_default_flag"": 0.00041254126699641347, ""next_12m_prepayment_flag"": 0.2646007239818573}",Prepaid,0.06576839449188242,None,"[""subprime_flag""]",Auto-Approve,0.9999992847442627
110611334320,"{""next_3m_delinquency_flag"": 0.004848815035074949, ""next_6m_delinquency_flag"": 0.004885133355855942, ""next_12m_default_flag"": 0.00041254126699641347, ""next_12m_prepayment_flag"": 0.2646007239818573}",Prepaid,0.02564627142848568,None,"[""num_units"", ""dpd_max_6m"", ""high_ltv_flag""]",Auto-Approve,0.9999995231628418
110611334320,"{""next_3m_delinquency_flag"": 0.004848815035074949, ""next_6m_delinquency_flag"": 0.004885133355855942, ""next_12m_default_flag"": 0.00041254126699641347, ""next_12m_prepayment_flag"": 0.2646007239818573}",Prepaid,0.035554327999248604,None,"[""vintage_quarter"", ""dpd_mean_6m"", ""amortgap_x_rate"", ""month_index""]",Auto-Approve,0.9999996423721313
110611334320,"{""next_3m_delinquency_flag"": 0.004848815035074949, ""next_6m_delinquency_flag"": 0.004885133355855942, ""next_12m_default_flag"": 0.00041254126699641347, ""next_12m_prepayment_flag"": 0.2646007239818573}",Prepaid,0.06743796095233984,None,"[""dpd_mean_6m"", ""original_balance""]",Auto-Approve,0.9999998807907104
110611334320,"{""next_3m_delinquency_flag"": 0.004848815035074949, ""next_6m_delinquency_flag"": 0.004885133355855942, ""next_12m_default_flag"": 0.00041254126699641347, ""next_12m_prepayment_flag"": 0.2646007239818573}",Prepaid,0.033966059574053555,None,"[""loan_utilization"", ""dpd_lag_3"", ""dpd_lag_1""]",Auto-Approve,0.9999997615814209
110611334320,"{""next_3m_delinquency_flag"": 0.004848815035074949, ""next_6m_delinquency_flag"": 0.004885133355855942, ""next_12m_default_flag"": 0.00041254126699641347, ""next_12m_prepayment_flag"": 0.2646007239818573}",Prepaid,0.09546310770948814,None,"[""balance_delta_1m"", ""amortisation_gap""]",Auto-Approve,0.9999998807907104
110611334320,"{""next_3m_delinquency_flag"": 0.004848815035074949, ""next_6m_delinquency_flag"": 0.004885133355855942, ""next_12m_default_flag"": 0.00041254126699641347, ""next_12m_prepayment_flag"": 0.2646007239818573}",Prepaid,0.06216635040967299,None,"[""dpd_mean_6m"", ""dpd_mean_12m"", ""non_interest_bearing_upb"", ""amortisation_gap"", ""current_balance""]",Auto-Approve,0.9999998807907104
110611334320,"{""next_3m_delinquency_flag"": 0.004848815035074949, ""next_6m_delinquency_flag"": 0.004885133355855942, ""next_12m_default_flag"": 0.00041254126699641347, ""next_12m_prepayment_flag"": 0.2646007239818573}",Prepaid,0.01332651045474177,None,"[""rate_gap""]",Auto-Approve,0.9999998807907104
110611334320,"{""next_3m_delinquency_flag"": 0.004848815035074949, ""next_6m_delinquency_flag"": 0.004885133355855942, ""next_12m_default_flag"": 0.00041254126699641347, ""next_12m_prepayment_flag"": 0.2646007239818573}",Prepaid,0.0938624212106582,None,"[""n_soft_failures""]",Auto-Approve,0.9999998807907104
110611334320,"{""next_3m_delinquency_flag"": 0.004848815035074949, ""next_6m_delinquency_flag"": 0.004885133355855942, ""next_12m_default_flag"": 0.00041254126699641347, ""next_12m_prepayment_flag"": 0.2646007239818573}",Prepaid,0.03059219151184507,None,"[""vintage_quarter""]",Auto-Approve,1.0
110652661554,"{""next_3m_delinquency_flag"": 0.004848815035074949, ""next_6m_delinquency_flag"": 0.004885133355855942, ""next_12m_default_flag"": 0.00041254126699641347, ""next_12m_prepayment_flag"": 0.2646007239818573}",Prepaid,0.08462181537895028,None,"[""balance_reduction_ratio""]",Auto-Approve,0.9999978542327881
110652661554,"{""next_3m_delinquency_flag"": 0.004848815035074949, ""next_6m_delinquency_flag"": 0.004885133355855942, ""next_12m_default_flag"": 0.00041254126699641347, ""next_12m_prepayment_flag"": 0.2646007239818573}",Prepaid,0.09264813978296368,None,"[""deferred_balance_pct"", ""dti_x_rate"", ""mi_pct""]",Auto-Approve,0.9999984502792358
110652661554,"{""next_3m_delinquency_flag"": 0.004848815035074949, ""next_6m_delinquency_flag"": 0.004885133355855942, ""next_12m_default_flag"": 0.00041254126699641347, ""next_12m_prepayment_flag"": 0.2646007239818573}",Prepaid,3.4265618490592066e-05,None,"[""ever_delinquent"", ""homeready_flag"", ""credit_x_ltv"", ""original_term_months"", ""dlqhist_x_ltv""]",Auto-Approve,0.9999988079071045
110652661554,"{""next_3m_delinquency_flag"": 0.004848815035074949, ""next_6m_delinquency_flag"": 0.004885133355855942, ""next_12m_default_flag"": 0.00041254126699641347, ""next_12m_prepayment_flag"": 0.2646007239818573}",Prepaid,0.05778660104148099,None,"[""subprime_flag"", ""amortisation_gap"", ""balance_pct_change_1m""]",Auto-Approve,0.9999990463256836
110652661554,"{""next_3m_delinquency_flag"": 0.004848815035074949, ""next_6m_delinquency_flag"": 0.004885133355855942, ""next_12m_default_flag"": 0.00041254126699641347, ""next_12m_prepayment_flag"": 0.2646007239818573}",Prepaid,0.09444567564216692,None,"[""dlq_months""]",Auto-Approve,0.9999992847442627
110652661554,"{""next_3m_delinquency_flag"": 0.004848815035074949, ""next_6m_delinquency_flag"": 0.004885133355855942, ""next_12m_default_flag"": 0.00041254126699641347, ""next_12m_prepayment_flag"": 0.2646007239818573}",Prepaid,0.08431202377043609,None,"[""credit_x_dti"", ""first_time_buyer""]",Auto-Approve,0.9999994039535522
110652661554,"{""next_3m_delinquency_flag"": 0.004848815035074949, ""next_6m_delinquency_flag"": 0.004885133355855942, ""next_12m_default_flag"": 0.00041254126699641347, ""next_12m_prepayment_flag"": 0.2646007239818573}",Prepaid,0.0023679658648501634,None,"[""dpd_delta_1m"", ""credit_x_ltv""]",Auto-Approve,0.9999996423721313
110652661554,"{""next_3m_delinquency_flag"": 0.004848815035074949, ""next_6m_delinquency_flag"": 0.004885133355855942, ""next_12m_default_flag"": 0.00041254126699641347, ""next_12m_prepayment_flag"": 0.2646007239818573}",Prepaid,0.01779746059904247,None,"[""term_elapsed_pct"", ""dpd_lag_3"", ""num_units""]",Auto-Approve,0.9999996423721313
110652661554,"{""next_3m_delinquency_flag"": 0.004848815035074949, ""next_6m_delinquency_flag"": 0.004885133355855942, ""next_12m_default_flag"": 0.00041254126699641347, ""next_12m_prepayment_flag"": 0.2646007239818573}",Prepaid,0.03165289218773239,None,"[""balance_imputed""]",Auto-Approve,0.9999997615814209
110652661554,"{""next_3m_delinquency_flag"": 0.004848815035074949, ""next_6m_delinquency_flag"": 0.004885133355855942, ""next_12m_default_flag"": 0.00041254126699641347, ""next_12m_prepayment_flag"": 0.2646007239818573}",Prepaid,0.0039689843970130536,None,"[""dti"", ""cum_missed_payments"", ""dti_x_rate""]",Auto-Approve,0.9999997615814209
110652661554,"{""next_3m_delinquency_flag"": 0.004848815035074949, ""next_6m_delinquency_flag"": 0.004885133355855942, ""next_12m_default_flag"": 0.00041254126699641347, ""next_12m_prepayment_flag"": 0.2646007239818573}",Prepaid,0.065761181853057,None,"[""balance_unrecoverable""]",Auto-Approve,0.9999998807907104
110652661554,"{""next_3m_delinquency_flag"": 0.004848815035074949, ""next_6m_delinquency_flag"": 0.004885133355855942, ""next_12m_default_flag"": 0.00041254126699641347, ""next_12m_prepayment_flag"": 0.2646007239818573}",Prepaid,0.0732662390100301,None,"[""high_ltv_flag"", ""dti_x_rate""]",Auto-Approve,0.9999998807907104
110719518383,"{""next_3m_delinquency_flag"": 0.006165960803627968, ""next_6m_delinquency_flag"": 0.004885133355855942, ""next_12m_default_flag"": 0.00041254126699641347, ""next_12m_prepayment_flag"": 0.2526881694793701}",Prepaid,0.07722428892201344,None,"[""balance_pct_change_1m"", ""original_term_months""]",Auto-Approve,0.9999233484268188
110719518383,"{""next_3m_delinquency_flag"": 0.006165960803627968, ""next_6m_delinquency_flag"": 0.004885133355855942, ""next_12m_default_flag"": 0.00041254126699641347, ""next_12m_prepayment_flag"": 0.2526881694793701}",Prepaid,0.014955846964883092,None,"[""forbearance_flag"", ""credit_risk_score"", ""cum_missed_payments""]",Auto-Approve,0.9999433755874634
110719518383,"{""next_3m_delinquency_flag"": 0.004848815035074949, ""next_6m_delinquency_flag"": 0.004885133355855942, ""next_12m_default_flag"": 0.00041254126699641347, ""next_12m_prepayment_flag"": 0.2646007239818573}",Prepaid,0.09742646420942512,None,"[""credit_x_ltv""]",Auto-Approve,0.9999581575393677
110719518383,"{""next_3m_delinquency_flag"": 0.004848815035074949, ""next_6m_delinquency_flag"": 0.004885133355855942, ""next_12m_default_flag"": 0.00041254126699641347, ""next_12m_prepayment_flag"": 0.2646007239818573}",Prepaid,0.03285230781779413,None,"[""co_borrower_credit_score"", ""forbearance_flag""]",Auto-Approve,0.9999691247940063
110719518383,"{""next_3m_delinquency_flag"": 0.004848815035074949, ""next_6m_delinquency_flag"": 0.004885133355855942, ""next_12m_default_flag"": 0.00041254126699641347, ""next_12m_prepayment_flag"": 0.2646007239818573}",Prepaid,0.035982450603239326,None,"[""mi_pct""]",Auto-Approve,0.9999771118164062
110719518383,"{""next_3m_delinquency_flag"": 0.004848815035074949, ""next_6m_delinquency_flag"": 0.004885133355855942, ""next_12m_default_flag"": 0.00041254126699641347, ""next_12m_prepayment_flag"": 0.2646007239818573}",Prepaid,0.03629405458488596,None,"[""subprime_flag"", ""delinquent_months_12m""]",Auto-Approve,0.9999830722808838
110719518383,"{""next_3m_delinquency_flag"": 0.004848815035074949, ""next_6m_delinquency_flag"": 0.004885133355855942, ""next_12m_default_flag"": 0.00041254126699641347, ""next_12m_prepayment_flag"": 0.2646007239818573}",Prepaid,0.08029008445745939,None,"[""dpd_lag_1"", ""amortgap_x_rate""]",Auto-Approve,0.9999874830245972
110719518383,"{""next_3m_delinquency_flag"": 0.004848815035074949, ""next_6m_delinquency_flag"": 0.004885133355855942, ""next_12m_default_flag"": 0.00041254126699641347, ""next_12m_prepayment_flag"": 0.2646007239818573}",Prepaid,0.0675416931877099,None,"[""non_interest_bearing_upb"", ""remaining_balance_pct"", ""ever_modified"", ""debt_burden"", ""balance_pct_change_1m""]",Auto-Approve,0.999990701675415
110719518383,"{""next_3m_delinquency_flag"": 0.004848815035074949, ""next_6m_delinquency_flag"": 0.004885133355855942, ""next_12m_default_flag"": 0.00041254126699641347, ""next_12m_prepayment_flag"": 0.2646007239818573}",Prepaid,0.057510397819389415,None,"[""ever_delinquent"", ""ever_modified"", ""dpd_lag_1""]",Auto-Approve,0.999993085861206
110719518383,"{""next_3m_delinquency_flag"": 0.004848815035074949, ""next_6m_delinquency_flag"": 0.004885133355855942, ""next_12m_default_flag"": 0.00041254126699641347, ""next_12m_prepayment_flag"": 0.2646007239818573}",Prepaid,0.03271898498840994,None,"[""combined_ltv"", ""amortisation_gap"", ""balance_reduction_ratio""]",Auto-Approve,0.9999948740005493
110719518383,"{""next_3m_delinquency_flag"": 0.004848815035074949, ""next_6m_delinquency_flag"": 0.004885133355855942, ""next_12m_default_flag"": 0.00041254126699641347, ""next_12m_prepayment_flag"": 0.2646007239818573}",Prepaid,0.004906295873351296,None,"[""credit_risk_score"", ""ltv"", ""co_borrower_credit_score""]",Auto-Approve,0.9999961853027344
110719518383,"{""next_3m_delinquency_flag"": 0.004848815035074949, ""next_6m_delinquency_flag"": 0.004885133355855942, ""next_12m_default_flag"": 0.00041254126699641347, ""next_12m_prepayment_flag"": 0.2646007239818573}",Prepaid,0.05026488902250103,None,"[""dpd_mean_3m"", ""balance_delta_3m"", ""non_interest_bearing_upb""]",Auto-Approve,0.9999972581863403
110784592963,"{""next_3m_delinquency_flag"": 0.004848815035074949, ""next_6m_delinquency_flag"": 0.004885133355855942, ""next_12m_default_flag"": 0.00041254126699641347, ""next_12m_prepayment_flag"": 0.2526881694793701}",Prepaid,0.009200351571407573,None,"[""months_since_modification"", ""first_time_buyer"", ""subprime_flag""]",Auto-Approve,0.9999634027481079
110784592963,"{""next_3m_delinquency_flag"": 0.004848815035074949, ""next_6m_delinquency_flag"": 0.004885133355855942, ""next_12m_default_flag"": 0.00041254126699641347, ""next_12m_prepayment_flag"": 0.2646007239818573}",Prepaid,0.054501982407450814,None,"[""remaining_balance_pct"", ""dti"", ""dpd_mean_6m"", ""high_ltv_flag""]",Auto-Approve,0.9999727010726929
110784592963,"{""next_3m_delinquency_flag"": 0.004848815035074949, ""next_6m_delinquency_flag"": 0.004885133355855942, ""next_12m_default_flag"": 0.00041254126699641347, ""next_12m_prepayment_flag"": 0.2646007239818573}",Prepaid,0.030675821535714687,None,"[""interest_rate"", ""month_index""]",Auto-Approve,0.9999796152114868
110784592963,"{""next_3m_delinquency_flag"": 0.004848815035074949, ""next_6m_delinquency_flag"": 0.004885133355855942, ""next_12m_default_flag"": 0.00041254126699641347, ""next_12m_prepayment_flag"": 0.2646007239818573}",Prepaid,0.08988109262577106,None,"[""dpd_max_12m"", ""balance_delta_1m""]",Auto-Approve,0.999984860420227
110784592963,"{""next_3m_delinquency_flag"": 0.004848815035074949, ""next_6m_delinquency_flag"": 0.004885133355855942, ""next_12m_default_flag"": 0.00041254126699641347, ""next_12m_prepayment_flag"": 0.2646007239818573}",Prepaid,0.09705056970561265,None,"[""current_balance"", ""balance_pct_change_1m"", ""dpd_mean_3m""]",Auto-Approve,0.9999886751174927
110784592963,"{""next_3m_delinquency_flag"": 0.004848815035074949, ""next_6m_delinquency_flag"": 0.004885133355855942, ""next_12m_default_flag"": 0.00041254126699641347, ""next_12m_prepayment_flag"": 0.2646007239818573}",Prepaid,0.067603623065035,None,"[""loan_utilization""]",Auto-Approve,0.9999915361404419
110784592963,"{""next_3m_delinquency_flag"": 0.004848815035074949, ""next_6m_delinquency_flag"": 0.004885133355855942, ""next_12m_default_flag"": 0.00041254126699641347, ""next_12m_prepayment_flag"": 0.2646007239818573}",Prepaid,0.05883982129577654,None,"[""dpd_lag_1"", ""dpd_mean_6m"", ""vintage_year""]",Auto-Approve,0.9999936819076538
110784592963,"{""next_3m_delinquency_flag"": 0.004848815035074949, ""next_6m_delinquency_flag"": 0.004885133355855942, ""next_12m_default_flag"": 0.00041254126699641347, ""next_12m_prepayment_flag"": 0.2646007239818573}",Prepaid,0.029901469154144347,None,"[""balance_delta_3m""]",Auto-Approve,0.999995231628418
110784592963,"{""next_3m_delinquency_flag"": 0.004848815035074949, ""next_6m_delinquency_flag"": 0.004885133355855942, ""next_12m_default_flag"": 0.00041254126699641347, ""next_12m_prepayment_flag"": 0.2646007239818573}",Prepaid,0.0018665349909875563,None,"[""dpd_max_6m"", ""co_borrower_credit_score""]",Auto-Approve,0.9999964237213135
110784592963,"{""next_3m_delinquency_flag"": 0.004848815035074949, ""next_6m_delinquency_flag"": 0.004885133355855942, ""next_12m_default_flag"": 0.00041254126699641347, ""next_12m_prepayment_flag"": 0.2646007239818573}",Prepaid,0.009894153055435607,None,"[""term_elapsed_pct"", ""balance_unrecoverable"", ""dlq_months""]",Auto-Approve,0.9999973773956299
110784592963,"{""next_3m_delinquency_flag"": 0.004848815035074949, ""next_6m_delinquency_flag"": 0.004885133355855942, ""next_12m_default_flag"": 0.00041254126699641347, ""next_12m_prepayment_flag"": 0.2646007239818573}",Prepaid,0.07296466076844567,None,"[""original_term_months"", ""current_interest_rate""]",Auto-Approve,0.9999979734420776
110784592963,"{""next_3m_delinquency_flag"": 0.004848815035074949, ""next_6m_delinquency_flag"": 0.004885133355855942, ""next_12m_default_flag"": 0.00041254126699641347, ""next_12m_prepayment_flag"": 0.2646007239818573}",Prepaid,0.019853388231246827,None,"[""amortisation_gap"", ""dpd_mean_12m""]",Auto-Approve,0.9999985694885254
110890589601,"{""next_3m_delinquency_flag"": 0.004848815035074949, ""next_6m_delinquency_flag"": 0.004885133355855942, ""next_12m_default_flag"": 0.00041254126699641347, ""next_12m_prepayment_flag"": 0.2646007239818573}",Prepaid,0.03912981659032103,None,"[""balance_pct_change_1m"", ""ever_forbearance"", ""forbearance_months""]",Auto-Approve,0.9999949932098389
110890589601,"{""next_3m_delinquency_flag"": 0.004848815035074949, ""next_6m_delinquency_flag"": 0.004885133355855942, ""next_12m_default_flag"": 0.00041254126699641347, ""next_12m_prepayment_flag"": 0.2646007239818573}",Prepaid,0.001428282301662487,None,"[""forbearance_months"", ""loan_age_risk"", ""n_hard_failures""]",Auto-Approve,0.9999963045120239
110890589601,"{""next_3m_delinquency_flag"": 0.004848815035074949, ""next_6m_delinquency_flag"": 0.004885133355855942, ""next_12m_default_flag"": 0.00041254126699641347, ""next_12m_prepayment_flag"": 0.2646007239818573}",Prepaid,0.012880001418052024,None,"[""dti"", ""balance_reduction_ratio"", ""high_dti_flag""]",Auto-Approve,0.9999971389770508
110890589601,"{""next_3m_delinquency_flag"": 0.004848815035074949, ""next_6m_delinquency_flag"": 0.004885133355855942, ""next_12m_default_flag"": 0.00041254126699641347, ""next_12m_prepayment_flag"": 0.2646007239818573}",Prepaid,0.03935700810948887,None,"[""dti"", ""forbearance_flag""]",Auto-Approve,0.9999978542327881
110890589601,"{""next_3m_delinquency_flag"": 0.004848815035074949, ""next_6m_delinquency_flag"": 0.004885133355855942, ""next_12m_default_flag"": 0.00041254126699641347, ""next_12m_prepayment_flag"": 0.2646007239818573}",Prepaid,0.026240026131258157,None,"[""dpd_max_12m"", ""combined_ltv""]",Auto-Approve,0.9999983310699463
110890589601,"{""next_3m_delinquency_flag"": 0.004848815035074949, ""next_6m_delinquency_flag"": 0.004885133355855942, ""next_12m_default_flag"": 0.00041254126699641347, ""next_12m_prepayment_flag"": 0.2646007239818573}",Prepaid,0.04404340951079373,None,"[""dpd_max_12m"", ""remaining_balance_pct""]",Auto-Approve,0.9999988079071045
110890589601,"{""next_3m_delinquency_flag"": 0.004848815035074949, ""next_6m_delinquency_flag"": 0.004885133355855942, ""next_12m_default_flag"": 0.00041254126699641347, ""next_12m_prepayment_flag"": 0.2646007239818573}",Prepaid,0.0819667872059088,None,"[""original_balance"", ""dpd_delta_1m"", ""dlqhist_x_ltv""]",Auto-Approve,0.9999990463256836
110890589601,"{""next_3m_delinquency_flag"": 0.004848815035074949, ""next_6m_delinquency_flag"": 0.004885133355855942, ""next_12m_default_flag"": 0.00041254126699641347, ""next_12m_prepayment_flag"": 0.2646007239818573}",Prepaid,0.09349707447152895,None,"[""dpd_lag_3"", ""dpd_max_12m"", ""dlqhist_x_ltv""]",Auto-Approve,0.9999992847442627
110890589601,"{""next_3m_delinquency_flag"": 0.004848815035074949, ""next_6m_delinquency_flag"": 0.004885133355855942, ""next_12m_default_flag"": 0.00041254126699641347, ""next_12m_prepayment_flag"": 0.2646007239818573}",Prepaid,0.001309168273825656,None,"[""is_seasoned"", ""ever_forbearance"", ""first_time_buyer""]",Auto-Approve,0.9999994039535522
110890589601,"{""next_3m_delinquency_flag"": 0.004848815035074949, ""next_6m_delinquency_flag"": 0.004885133355855942, ""next_12m_default_flag"": 0.00041254126699641347, ""next_12m_prepayment_flag"": 0.2646007239818573}",Prepaid,0.01663512286335257,None,"[""dpd_lag_3"", ""forbearance_months"", ""ever_delinquent""]",Auto-Approve,0.9999995231628418
110890589601,"{""next_3m_delinquency_flag"": 0.004848815035074949, ""next_6m_delinquency_flag"": 0.004885133355855942, ""next_12m_default_flag"": 0.00041254126699641347, ""next_12m_prepayment_flag"": 0.2646007239818573}",Prepaid,0.017020726384206052,None,"[""dlq_months"", ""credit_risk_score"", ""balance_unrecoverable""]",Auto-Approve,0.9999996423721313
110890589601,"{""next_3m_delinquency_flag"": 0.004848815035074949, ""next_6m_delinquency_flag"": 0.004885133355855942, ""next_12m_default_flag"": 0.00041254126699641347, ""next_12m_prepayment_flag"": 0.2646007239818573}",Prepaid,0.08729227236625577,None,"[""first_time_buyer"", ""dti"", ""original_term_months""]",Auto-Approve,0.9999997615814209
111080747702,"{""next_3m_delinquency_flag"": 0.004848815035074949, ""next_6m_delinquency_flag"": 0.004885133355855942, ""next_12m_default_flag"": 0.00041254126699641347, ""next_12m_prepayment_flag"": 0.2646007239818573}",Prepaid,0.05660974423749715,None,"[""deferred_balance_pct"", ""balance_unrecoverable"", ""num_borrowers""]",Auto-Approve,1.0
111080747702,"{""next_3m_delinquency_flag"": 0.004848815035074949, ""next_6m_delinquency_flag"": 0.004885133355855942, ""next_12m_default_flag"": 0.00041254126699641347, ""next_12m_prepayment_flag"": 0.2646007239818573}",Prepaid,0.09515330700260416,None,"[""balance_imputed"", ""dlq_months"", ""cum_missed_payments""]",Auto-Approve,1.0
111080747702,"{""next_3m_delinquency_flag"": 0.004848815035074949, ""next_6m_delinquency_flag"": 0.004885133355855942, ""next_12m_default_flag"": 0.00041254126699641347, ""next_12m_prepayment_flag"": 0.2646007239818573}",Prepaid,0.02371632677965757,None,"[""mi_pct"", ""n_soft_failures"", ""high_dti_flag""]",Auto-Approve,1.0
111080747702,"{""next_3m_delinquency_flag"": 0.004848815035074949, ""next_6m_delinquency_flag"": 0.004885133355855942, ""next_12m_default_flag"": 0.00041254126699641347, ""next_12m_prepayment_flag"": 0.2646007239818573}",Prepaid,0.0871352912904761,None,[],Auto-Approve,1.0
111080747702,"{""next_3m_delinquency_flag"": 0.004848815035074949, ""next_6m_delinquency_flag"": 0.004885133355855942, ""next_12m_default_flag"": 0.00041254126699641347, ""next_12m_prepayment_flag"": 0.2646007239818573}",Prepaid,0.03407879888756776,None,"[""amortisation_gap"", ""dpd_mean_12m"", ""dti_x_rate""]",Auto-Approve,1.0
111080747702,"{""next_3m_delinquency_flag"": 0.004848815035074949, ""next_6m_delinquency_flag"": 0.004885133355855942, ""next_12m_default_flag"": 0.00041254126699641347, ""next_12m_prepayment_flag"": 0.2646007239818573}",Prepaid,0.06069445182699171,None,"[""dpd_max_12m"", ""dpd_mean_6m""]",Auto-Approve,1.0
111080747702,"{""next_3m_delinquency_flag"": 0.004848815035074949, ""next_6m_delinquency_flag"": 0.004885133355855942, ""next_12m_default_flag"": 0.00041254126699641347, ""next_12m_prepayment_flag"": 0.2646007239818573}",Prepaid,0.055777461626324513,None,"[""co_borrower_credit_score"", ""dpd_max_3m"", ""cum_delinquent_months"", ""month_index""]",Auto-Approve,1.0
111080747702,"{""next_3m_delinquency_flag"": 0.004848815035074949, ""next_6m_delinquency_flag"": 0.004885133355855942, ""next_12m_default_flag"": 0.00041254126699641347, ""next_12m_prepayment_flag"": 0.2646007239818573}",Prepaid,0.034096697941098986,None,"[""balance_unrecoverable""]",Auto-Approve,1.0
111080747702,"{""next_3m_delinquency_flag"": 0.004848815035074949, ""next_6m_delinquency_flag"": 0.004885133355855942, ""next_12m_default_flag"": 0.00041254126699641347, ""next_12m_prepayment_flag"": 0.2646007239818573}",Prepaid,0.054737220716780645,None,"[""non_interest_bearing_upb"", ""interest_rate""]",Auto-Approve,1.0
111080747702,"{""next_3m_delinquency_flag"": 0.004848815035074949, ""next_6m_delinquency_flag"": 0.004885133355855942, ""next_12m_default_flag"": 0.00041254126699641347, ""next_12m_prepayment_flag"": 0.2646007239818573}",Prepaid,0.011772994459966081,None,"[""cum_missed_payments"", ""balance_imputed"", ""dlqhist_x_ltv""]",Auto-Approve,1.0
111080747702,"{""next_3m_delinquency_flag"": 0.004848815035074949, ""next_6m_delinquency_flag"": 0.004885133355855942, ""next_12m_default_flag"": 0.00041254126699641347, ""next_12m_prepayment_flag"": 0.2646007239818573}",Prepaid,0.013552114063097642,None,"[""dlq_months"", ""loan_age_risk"", ""scheduled_principal"", ""loan_utilization"", ""forbearance_flag""]",Auto-Approve,1.0
111080747702,"{""next_3m_delinquency_flag"": 0.004848815035074949, ""next_6m_delinquency_flag"": 0.004885133355855942, ""next_12m_default_flag"": 0.00041254126699641347, ""next_12m_prepayment_flag"": 0.2646007239818573}",Prepaid,0.07075666109307974,None,"[""remaining_term_months"", ""current_balance"", ""modification_flag"", ""homeready_flag""]",Auto-Approve,1.0
111107367657,"{""next_3m_delinquency_flag"": 0.21374045312404633, ""next_6m_delinquency_flag"": 0.004885133355855942, ""next_12m_default_flag"": 0.00041254126699641347, ""next_12m_prepayment_flag"": 0.2646007239818573}",Delinquent,0.028780557951949816,None,"[""loan_age_risk"", ""amortgap_x_rate""]",Auto-Approve,0.9962465167045593
111107367657,"{""next_3m_delinquency_flag"": 0.3186813294887543, ""next_6m_delinquency_flag"": 0.004885133355855942, ""next_12m_default_flag"": 0.00041254126699641347, ""next_12m_prepayment_flag"": 0.2526881694793701}",Delinquent,0.06779792174648526,None,"[""interest_rate"", ""rate_gap"", ""vintage_year"", ""forbearance_months""]",Auto-Approve,0.998672604560852
111107367657,"{""next_3m_delinquency_flag"": 0.5597826242446899, ""next_6m_delinquency_flag"": 0.004885133355855942, ""next_12m_default_flag"": 0.00041254126699641347, ""next_12m_prepayment_flag"": 0.2646007239818573}",Delinquent,0.016930431725792505,None,"[""dti_x_rate"", ""dpd_max_3m""]",Auto-Approve,0.9998924732208252
111107367657,"{""next_3m_delinquency_flag"": 0.4375, ""next_6m_delinquency_flag"": 0.004885133355855942, ""next_12m_default_flag"": 0.00041254126699641347, ""next_12m_prepayment_flag"": 0.20720720291137695}",Delinquent,0.050743837133580674,None,"[""rate_gap"", ""amortisation_gap""]",Auto-Approve,0.9999423027038574
111107367657,"{""next_3m_delinquency_flag"": 0.5597826242446899, ""next_6m_delinquency_flag"": 0.004885133355855942, ""next_12m_default_flag"": 0.00041254126699641347, ""next_12m_prepayment_flag"": 0.2646007239818573}",Delinquent,0.04342387196717076,None,"[""loan_age_months"", ""dpd_max_3m"", ""n_soft_failures""]",Auto-Approve,0.9999327659606934
111107367657,"{""next_3m_delinquency_flag"": 0.42152467370033264, ""next_6m_delinquency_flag"": 0.004885133355855942, ""next_12m_default_flag"": 0.00041254126699641347, ""next_12m_prepayment_flag"": 0.2646007239818573}",Delinquent,0.08310781808882561,None,"[""credit_risk_score""]",Auto-Approve,0.9999829530715942
111107367657,"{""next_3m_delinquency_flag"": 0.42424243688583374, ""next_6m_delinquency_flag"": 0.004885133355855942, ""next_12m_default_flag"": 0.00041254126699641347, ""next_12m_prepayment_flag"": 0.2646007239818573}",Delinquent,0.026688631043931967,None,"[""dlq_status_unreported"", ""dpd_delta_1m""]",Auto-Approve,0.9999922513961792
111107367657,"{""next_3m_delinquency_flag"": 0.7627118825912476, ""next_6m_delinquency_flag"": 0.012627148069441319, ""next_12m_default_flag"": 0.00041254126699641347, ""next_12m_prepayment_flag"": 0.2526881694793701}",Delinquent,0.0004900308498041239,None,"[""high_balance_flag"", ""balance_delta_3m""]",Auto-Approve,0.9999996423721313
111107367657,"{""next_3m_delinquency_flag"": 0.8962655663490295, ""next_6m_delinquency_flag"": 0.03693045675754547, ""next_12m_default_flag"": 0.0014511956833302975, ""next_12m_prepayment_flag"": 0.19356708228588104}",Delinquent,0.04695404387907967,None,[],Auto-Approve,1.0
111107367657,"{""next_3m_delinquency_flag"": 0.8962655663490295, ""next_6m_delinquency_flag"": 0.06956521421670914, ""next_12m_default_flag"": 0.0028484794311225414, ""next_12m_prepayment_flag"": 0.17945824563503265}",Delinquent,0.08151961610069909,None,"[""ever_delinquent"", ""forbearance_flag"", ""co_borrower_credit_score""]",Auto-Approve,1.0
111107367657,"{""next_3m_delinquency_flag"": 0.8962655663490295, ""next_6m_delinquency_flag"": 0.0873015895485878, ""next_12m_default_flag"": 0.004430811386555433, ""next_12m_prepayment_flag"": 0.16259987652301788}",Delinquent,0.010325271677961146,None,"[""loan_age_risk"", ""subprime_flag""]",Auto-Approve,0.9999977350234985
111107367657,"{""next_3m_delinquency_flag"": 0.7032257914543152, ""next_6m_delinquency_flag"": 0.01455847267061472, ""next_12m_default_flag"": 0.0014511956833302975, ""next_12m_prepayment_flag"": 0.179435133934021}",Delinquent,0.014498538229568281,None,"[""cum_missed_payments""]",Auto-Approve,0.9999823570251465
111168695527,"{""next_3m_delinquency_flag"": 0.42152467370033264, ""next_6m_delinquency_flag"": 0.06763284653425217, ""next_12m_default_flag"": 0.0008219628361985087, ""next_12m_prepayment_flag"": 0.179435133934021}",Prepaid,0.06560662317785182,None,"[""vintage_quarter""]",Auto-Approve,0.997127115726471
111168695527,"{""next_3m_delinquency_flag"": 0.7032257914543152, ""next_6m_delinquency_flag"": 0.33834585547447205, ""next_12m_default_flag"": 0.0014511956833302975, ""next_12m_prepayment_flag"": 0.179435133934021}",Prepaid,0.035023073994177735,None,"[""principal_forgiveness"", ""loan_utilization"", ""balance_imputed""]",Auto-Approve,0.9817078113555908
111168695527,"{""next_3m_delinquency_flag"": 0.3186813294887543, ""next_6m_delinquency_flag"": 0.014664586633443832, ""next_12m_default_flag"": 0.00041254126699641347, ""next_12m_prepayment_flag"": 0.179435133934021}",Prepaid,0.002794422342067027,None,"[""balance_unrecoverable"", ""days_past_due""]",Auto-Approve,0.9654372334480286
111168695527,"{""next_3m_delinquency_flag"": 0.15789473056793213, ""next_6m_delinquency_flag"": 0.014664586633443832, ""next_12m_default_flag"": 0.00041254126699641347, ""next_12m_prepayment_flag"": 0.182036891579628}",Prepaid,0.023447650148844937,None,"[""equity_cushion"", ""num_borrowers"", ""dti"", ""ltv""]",Auto-Approve,0.9846112132072449
111168695527,"{""next_3m_delinquency_flag"": 0.3186813294887543, ""next_6m_delinquency_flag"": 0.01455847267061472, ""next_12m_default_flag"": 0.00041254126699641347, ""next_12m_prepayment_flag"": 0.2646007239818573}",Prepaid,0.06259680392824161,None,"[""delinquent_months_6m"", ""scheduled_principal"", ""vintage_year"", ""balance_pct_change_1m""]",Auto-Approve,0.7321949601173401
111168695527,"{""next_3m_delinquency_flag"": 0.3186813294887543, ""next_6m_delinquency_flag"": 0.01455847267061472, ""next_12m_default_flag"": 0.00041254126699641347, ""next_12m_prepayment_flag"": 0.19356708228588104}",Prepaid,0.016908080575424034,None,"[""high_balance_flag"", ""dpd_lag_1"", ""amortgap_x_rate""]",Auto-Approve,0.815756618976593
111168695527,"{""next_3m_delinquency_flag"": 0.21374045312404633, ""next_6m_delinquency_flag"": 0.01153433509171009, ""next_12m_default_flag"": 0.00041254126699641347, ""next_12m_prepayment_flag"": 0.19356708228588104}",Prepaid,0.0023249633648524505,None,[],Auto-Approve,0.9594777226448059
111168695527,"{""next_3m_delinquency_flag"": 0.01551831141114235, ""next_6m_delinquency_flag"": 0.004885133355855942, ""next_12m_default_flag"": 0.00041254126699641347, ""next_12m_prepayment_flag"": 0.2646007239818573}",Prepaid,0.019595423156115135,None,"[""vintage_year"", ""loan_age_risk""]",Auto-Approve,0.9999527931213379
111168695527,"{""next_3m_delinquency_flag"": 0.010746268555521965, ""next_6m_delinquency_flag"": 0.004885133355855942, ""next_12m_default_flag"": 0.00041254126699641347, ""next_12m_prepayment_flag"": 0.2646007239818573}",Prepaid,0.079280148371246,None,"[""n_hard_failures"", ""dpd_mean_6m""]",Auto-Approve,0.9999973773956299
111168695527,"{""next_3m_delinquency_flag"": 0.006703584920614958, ""next_6m_delinquency_flag"": 0.004885133355855942, ""next_12m_default_flag"": 0.00041254126699641347, ""next_12m_prepayment_flag"": 0.2646007239818573}",Prepaid,0.07947692406829977,None,"[""non_interest_bearing_upb""]",Auto-Approve,0.9999998807907104
111168695527,"{""next_3m_delinquency_flag"": 0.006165960803627968, ""next_6m_delinquency_flag"": 0.004885133355855942, ""next_12m_default_flag"": 0.00041254126699641347, ""next_12m_prepayment_flag"": 0.2361111044883728}",Prepaid,0.003545076949998527,None,"[""dpd_mean_3m"", ""dlqhist_x_ltv""]",Auto-Approve,1.0
111168695527,"{""next_3m_delinquency_flag"": 0.006165960803627968, ""next_6m_delinquency_flag"": 0.004885133355855942, ""next_12m_default_flag"": 0.00041254126699641347, ""next_12m_prepayment_flag"": 0.20720720291137695}",Prepaid,0.03407107765084533,None,"[""num_units"", ""rate_gap"", ""credit_risk_score"", ""dpd_lag_1""]",Auto-Approve,1.0
111494252353,"{""next_3m_delinquency_flag"": 0.21374045312404633, ""next_6m_delinquency_flag"": 0.06956521421670914, ""next_12m_default_flag"": 0.6610878705978394, ""next_12m_prepayment_flag"": 0.015909090638160706}",Default,0.03781878333172237,None,"[""current_interest_rate"", ""subprime_flag"", ""combined_ltv"", ""credit_x_dti""]",Review,0.999992847442627
111494252353,"{""next_3m_delinquency_flag"": 0.3186813294887543, ""next_6m_delinquency_flag"": 0.24193547666072845, ""next_12m_default_flag"": 0.6610878705978394, ""next_12m_prepayment_flag"": 0.015909090638160706}",Default,0.07006283292033284,None,"[""days_past_due"", ""debt_burden"", ""vintage_year""]",Review,0.9999803304672241
111494252353,"{""next_3m_delinquency_flag"": 0.004848815035074949, ""next_6m_delinquency_flag"": 0.004885133355855942, ""next_12m_default_flag"": 0.0260869562625885, ""next_12m_prepayment_flag"": 0.015909090638160706}",Prepaid,0.011962367655639029,None,"[""credit_score"", ""remaining_term_months""]",Auto-Approve,0.9702999591827393
111494252353,"{""next_3m_delinquency_flag"": 0.004848815035074949, ""next_6m_delinquency_flag"": 0.004885133355855942, ""next_12m_default_flag"": 0.0028484794311225414, ""next_12m_prepayment_flag"": 0.015909090638160706}",Prepaid,0.02986257683835977,None,"[""credit_risk_score"", ""balance_imputed"", ""dpd_delta_1m"", ""dpd_mean_3m""]",Auto-Approve,0.9999984502792358
111494252353,"{""next_3m_delinquency_flag"": 0.004848815035074949, ""next_6m_delinquency_flag"": 0.004885133355855942, ""next_12m_default_flag"": 0.0014511956833302975, ""next_12m_prepayment_flag"": 0.015909090638160706}",Prepaid,0.0486337472983633,None,"[""delinquent_months_3m"", ""modification_flag"", ""debt_burden""]",Auto-Approve,0.999998927116394
111494252353,"{""next_3m_delinquency_flag"": 0.004848815035074949, ""next_6m_delinquency_flag"": 0.004885133355855942, ""next_12m_default_flag"": 0.0006000599823892117, ""next_12m_prepayment_flag"": 0.015909090638160706}",Prepaid,0.07216898435092588,None,"[""amortisation_gap"", ""equity_cushion"", ""scheduled_principal"", ""mi_pct"", ""delinquent_months_12m""]",Auto-Approve,0.9999986886978149
111494252353,"{""next_3m_delinquency_flag"": 0.004848815035074949, ""next_6m_delinquency_flag"": 0.004885133355855942, ""next_12m_default_flag"": 0.00041254126699641347, ""next_12m_prepayment_flag"": 0.015909090638160706}",Prepaid,0.06617153816316691,None,"[""modification_flag"", ""dpd_max_6m""]",Auto-Approve,0.999997615814209
111494252353,"{""next_3m_delinquency_flag"": 0.004848815035074949, ""next_6m_delinquency_flag"": 0.004885133355855942, ""next_12m_default_flag"": 0.00041254126699641347, ""next_12m_prepayment_flag"": 0.015909090638160706}",Prepaid,0.06643079579382767,None,"[""dpd_max_12m"", ""equity_cushion""]",Auto-Approve,0.9999957084655762
111494252353,"{""next_3m_delinquency_flag"": 0.02631578966975212, ""next_6m_delinquency_flag"": 0.004885133355855942, ""next_12m_default_flag"": 0.00041254126699641347, ""next_12m_prepayment_flag"": 0.015909090638160706}",Delinquent,0.08161252279773235,None,"[""credit_x_ltv"", ""ever_delinquent"", ""equity_cushion"", ""delinquent_months_6m""]",Auto-Approve,0.7238100171089172
111494252353,"{""next_3m_delinquency_flag"": 0.03078450821340084, ""next_6m_delinquency_flag"": 0.004885133355855942, ""next_12m_default_flag"": 0.00041254126699641347, ""next_12m_prepayment_flag"": 0.015909090638160706}",Delinquent,0.08769131867652222,None,"[""high_balance_flag"", ""num_units"", ""amortgap_x_rate""]",Auto-Approve,0.8432860970497131
111494252353,"{""next_3m_delinquency_flag"": 0.03078450821340084, ""next_6m_delinquency_flag"": 0.004885133355855942, ""next_12m_default_flag"": 0.00041254126699641347, ""next_12m_prepayment_flag"": 0.015909090638160706}",Delinquent,0.03016867539991265,None,"[""co_borrower_credit_score"", ""vintage_year""]",Auto-Approve,0.8319647908210754
111494252353,"{""next_3m_delinquency_flag"": 0.01882352866232395, ""next_6m_delinquency_flag"": 0.004885133355855942, ""next_12m_default_flag"": 0.00041254126699641347, ""next_12m_prepayment_flag"": 0.015909090638160706}",Delinquent,0.02833330660265615,None,"[""delinquent_months_6m"", ""delinquent_months_3m"", ""remaining_balance_pct""]",Auto-Approve,0.820002555847168
112191913122,"{""next_3m_delinquency_flag"": 0.004848815035074949, ""next_6m_delinquency_flag"": 0.004885133355855942, ""next_12m_default_flag"": 0.00041254126699641347, ""next_12m_prepayment_flag"": 0.2646007239818573}",Prepaid,0.05190600934411077,None,"[""homeready_flag"", ""credit_x_ltv"", ""dpd_mean_6m"", ""ever_delinquent""]",Auto-Approve,0.9999998807907104
112191913122,"{""next_3m_delinquency_flag"": 0.004848815035074949, ""next_6m_delinquency_flag"": 0.004885133355855942, ""next_12m_default_flag"": 0.00041254126699641347, ""next_12m_prepayment_flag"": 0.2646007239818573}",Prepaid,0.04474583733705639,None,"[""interest_rate"", ""credit_risk_score"", ""dpd_max_12m""]",Auto-Approve,1.0
112191913122,"{""next_3m_delinquency_flag"": 0.004848815035074949, ""next_6m_delinquency_flag"": 0.004885133355855942, ""next_12m_default_flag"": 0.00041254126699641347, ""next_12m_prepayment_flag"": 0.2646007239818573}",Prepaid,0.04738549019294355,None,"[""credit_risk_score"", ""dlq_months"", ""ever_forbearance""]",Auto-Approve,1.0
112191913122,"{""next_3m_delinquency_flag"": 0.004848815035074949, ""next_6m_delinquency_flag"": 0.004885133355855942, ""next_12m_default_flag"": 0.00041254126699641347, ""next_12m_prepayment_flag"": 0.2646007239818573}",Prepaid,0.027749114541308365,None,"[""first_time_buyer"", ""ever_modified""]",Auto-Approve,1.0
112191913122,"{""next_3m_delinquency_flag"": 0.004848815035074949, ""next_6m_delinquency_flag"": 0.004885133355855942, ""next_12m_default_flag"": 0.00041254126699641347, ""next_12m_prepayment_flag"": 0.2646007239818573}",Prepaid,0.09650336903251908,None,"[""homeready_flag"", ""days_past_due"", ""balance_delta_1m""]",Auto-Approve,1.0
112191913122,"{""next_3m_delinquency_flag"": 0.004848815035074949, ""next_6m_delinquency_flag"": 0.004885133355855942, ""next_12m_default_flag"": 0.00041254126699641347, ""next_12m_prepayment_flag"": 0.2646007239818573}",Prepaid,0.06093651553864601,None,"[""num_units"", ""ever_delinquent""]",Auto-Approve,1.0
112191913122,"{""next_3m_delinquency_flag"": 0.004848815035074949, ""next_6m_delinquency_flag"": 0.004885133355855942, ""next_12m_default_flag"": 0.00041254126699641347, ""next_12m_prepayment_flag"": 0.2646007239818573}",Prepaid,0.07648834270321192,None,"[""remaining_balance_pct"", ""credit_risk_score"", ""cum_missed_payments"", ""balance_pct_change_1m""]",Auto-Approve,1.0
112191913122,"{""next_3m_delinquency_flag"": 0.004848815035074949, ""next_6m_delinquency_flag"": 0.004885133355855942, ""next_12m_default_flag"": 0.00041254126699641347, ""next_12m_prepayment_flag"": 0.2646007239818573}",Prepaid,0.09429525994751489,None,"[""dpd_lag_1"", ""debt_burden""]",Auto-Approve,1.0
112191913122,"{""next_3m_delinquency_flag"": 0.004848815035074949, ""next_6m_delinquency_flag"": 0.004885133355855942, ""next_12m_default_flag"": 0.00041254126699641347, ""next_12m_prepayment_flag"": 0.2646007239818573}",Prepaid,0.06726095213570586,None,"[""cum_delinquent_months""]",Auto-Approve,1.0
112191913122,"{""next_3m_delinquency_flag"": 0.004848815035074949, ""next_6m_delinquency_flag"": 0.004885133355855942, ""next_12m_default_flag"": 0.00041254126699641347, ""next_12m_prepayment_flag"": 0.2646007239818573}",Prepaid,0.09639248529590133,None,"[""loan_utilization"", ""ever_modified"", ""amortisation_gap"", ""combined_ltv""]",Auto-Approve,1.0
112191913122,"{""next_3m_delinquency_flag"": 0.004848815035074949, ""next_6m_delinquency_flag"": 0.004885133355855942, ""next_12m_default_flag"": 0.00041254126699641347, ""next_12m_prepayment_flag"": 0.2646007239818573}",Prepaid,0.08653862765838195,None,"[""dlq_months"", ""non_interest_bearing_upb"", ""delinquent_months_12m""]",Auto-Approve,1.0
112191913122,"{""next_3m_delinquency_flag"": 0.004848815035074949, ""next_6m_delinquency_flag"": 0.004885133355855942, ""next_12m_default_flag"": 0.00041254126699641347, ""next_12m_prepayment_flag"": 0.2646007239818573}",Prepaid,0.07349268001164565,None,"[""delinquent_months_12m"", ""dpd_delta_1m"", ""credit_x_dti""]",Auto-Approve,1.0
112458641065,"{""next_3m_delinquency_flag"": 0.004848815035074949, ""next_6m_delinquency_flag"": 0.004885133355855942, ""next_12m_default_flag"": 0.00041254126699641347, ""next_12m_prepayment_flag"": 0.2646007239818573}",Prepaid,0.03307831816711162,None,"[""ever_delinquent"", ""dti_x_rate"", ""dpd_lag_1""]",Auto-Approve,0.9999980926513672
112458641065,"{""next_3m_delinquency_flag"": 0.004848815035074949, ""next_6m_delinquency_flag"": 0.004885133355855942, ""next_12m_default_flag"": 0.00041254126699641347, ""next_12m_prepayment_flag"": 0.2646007239818573}",Prepaid,0.07924146152995479,None,"[""balance_unrecoverable"", ""remaining_balance_pct""]",Auto-Approve,0.9999985694885254
112458641065,"{""next_3m_delinquency_flag"": 0.004848815035074949, ""next_6m_delinquency_flag"": 0.004885133355855942, ""next_12m_default_flag"": 0.00041254126699641347, ""next_12m_prepayment_flag"": 0.2646007239818573}",Prepaid,0.08302580384004593,None,"[""balance_unrecoverable"", ""current_interest_rate"", ""dpd_max_12m"", ""dpd_max_3m""]",Auto-Approve,0.999998927116394
112458641065,"{""next_3m_delinquency_flag"": 0.004848815035074949, ""next_6m_delinquency_flag"": 0.004885133355855942, ""next_12m_default_flag"": 0.00041254126699641347, ""next_12m_prepayment_flag"": 0.2646007239818573}",Prepaid,0.09214179375223008,None,"[""delinquent_months_6m"", ""credit_risk_score""]",Auto-Approve,0.9999991655349731
112458641065,"{""next_3m_delinquency_flag"": 0.004848815035074949, ""next_6m_delinquency_flag"": 0.004885133355855942, ""next_12m_default_flag"": 0.00041254126699641347, ""next_12m_prepayment_flag"": 0.2646007239818573}",Prepaid,0.04384200389693105,None,"[""vintage_quarter"", ""dlq_status_unreported""]",Auto-Approve,0.9999994039535522
112458641065,"{""next_3m_delinquency_flag"": 0.004848815035074949, ""next_6m_delinquency_flag"": 0.004885133355855942, ""next_12m_default_flag"": 0.00041254126699641347, ""next_12m_prepayment_flag"": 0.2646007239818573}",Prepaid,0.06642749358810926,None,"[""combined_ltv""]",Auto-Approve,0.9999995231628418
112458641065,"{""next_3m_delinquency_flag"": 0.004848815035074949, ""next_6m_delinquency_flag"": 0.004885133355855942, ""next_12m_default_flag"": 0.00041254126699641347, ""next_12m_prepayment_flag"": 0.2646007239818573}",Prepaid,0.053516903778260294,None,"[""dpd_mean_12m"", ""homeready_flag"", ""n_hard_failures""]",Auto-Approve,0.9999996423721313
112458641065,"{""next_3m_delinquency_flag"": 0.004848815035074949, ""next_6m_delinquency_flag"": 0.004885133355855942, ""next_12m_default_flag"": 0.00041254126699641347, ""next_12m_prepayment_flag"": 0.2646007239818573}",Prepaid,0.029267928904334963,None,[],Auto-Approve,0.9999997615814209
112458641065,"{""next_3m_delinquency_flag"": 0.004848815035074949, ""next_6m_delinquency_flag"": 0.004885133355855942, ""next_12m_default_flag"": 0.00041254126699641347, ""next_12m_prepayment_flag"": 0.2646007239818573}",Prepaid,0.09321176295310167,None,"[""delinquent_months_3m"", ""dpd_delta_1m"", ""non_interest_bearing_upb"", ""debt_burden""]",Auto-Approve,0.9999997615814209
112458641065,"{""next_3m_delinquency_flag"": 0.004848815035074949, ""next_6m_delinquency_flag"": 0.004885133355855942, ""next_12m_default_flag"": 0.00041254126699641347, ""next_12m_prepayment_flag"": 0.2646007239818573}",Prepaid,0.09351095114640844,None,"[""cum_missed_payments"", ""ever_forbearance""]",Auto-Approve,0.9999998807907104
112458641065,"{""next_3m_delinquency_flag"": 0.004848815035074949, ""next_6m_delinquency_flag"": 0.004885133355855942, ""next_12m_default_flag"": 0.00041254126699641347, ""next_12m_prepayment_flag"": 0.2646007239818573}",Prepaid,0.02672762655948544,None,"[""delinquent_months_3m"", ""rate_gap"", ""balance_reduction_ratio"", ""dpd_max_6m""]",Auto-Approve,0.9999998807907104
112458641065,"{""next_3m_delinquency_flag"": 0.004848815035074949, ""next_6m_delinquency_flag"": 0.004885133355855942, ""next_12m_default_flag"": 0.00041254126699641347, ""next_12m_prepayment_flag"": 0.2646007239818573}",Prepaid,0.050001048221498846,None,"[""credit_risk_score"", ""current_balance"", ""homeready_flag""]",Auto-Approve,0.9999998807907104
112581487936,"{""next_3m_delinquency_flag"": 0.004848815035074949, ""next_6m_delinquency_flag"": 0.004885133355855942, ""next_12m_default_flag"": 0.00041254126699641347, ""next_12m_prepayment_flag"": 0.2361111044883728}",Prepaid,0.03537905902256764,None,"[""principal_forgiveness"", ""dti_x_rate"", ""vintage_year""]",Auto-Approve,0.999996542930603
112581487936,"{""next_3m_delinquency_flag"": 0.004848815035074949, ""next_6m_delinquency_flag"": 0.004885133355855942, ""next_12m_default_flag"": 0.00041254126699641347, ""next_12m_prepayment_flag"": 0.2526881694793701}",Prepaid,0.0941073870160119,None,"[""balance_pct_change_1m""]",Auto-Approve,0.9999973773956299
112581487936,"{""next_3m_delinquency_flag"": 0.004848815035074949, ""next_6m_delinquency_flag"": 0.004885133355855942, ""next_12m_default_flag"": 0.00041254126699641347, ""next_12m_prepayment_flag"": 0.2526881694793701}",Prepaid,0.030703066383279232,None,"[""is_seasoned"", ""current_balance""]",Auto-Approve,0.9999980926513672
112581487936,"{""next_3m_delinquency_flag"": 0.004848815035074949, ""next_6m_delinquency_flag"": 0.004885133355855942, ""next_12m_default_flag"": 0.00041254126699641347, ""next_12m_prepayment_flag"": 0.2646007239818573}",Prepaid,0.08044218978564686,None,"[""co_borrower_credit_score"", ""dlq_months"", ""balance_unrecoverable"", ""remaining_term_months""]",Auto-Approve,0.9999985694885254
112581487936,"{""next_3m_delinquency_flag"": 0.004848815035074949, ""next_6m_delinquency_flag"": 0.004885133355855942, ""next_12m_default_flag"": 0.00041254126699641347, ""next_12m_prepayment_flag"": 0.2646007239818573}",Prepaid,0.006592117345699822,None,"[""remaining_term_months"", ""debt_burden"", ""delinquent_months_12m"", ""high_balance_flag""]",Auto-Approve,0.999998927116394
112581487936,"{""next_3m_delinquency_flag"": 0.004848815035074949, ""next_6m_delinquency_flag"": 0.004885133355855942, ""next_12m_default_flag"": 0.00041254126699641347, ""next_12m_prepayment_flag"": 0.2646007239818573}",Prepaid,0.06269946445768826,None,"[""debt_burden"", ""credit_risk_score"", ""delinquent_months_6m""]",Auto-Approve,0.9999991655349731
112581487936,"{""next_3m_delinquency_flag"": 0.004848815035074949, ""next_6m_delinquency_flag"": 0.004885133355855942, ""next_12m_default_flag"": 0.00041254126699641347, ""next_12m_prepayment_flag"": 0.2646007239818573}",Prepaid,0.07061209864535777,None,"[""term_elapsed_pct"", ""credit_risk_score"", ""balance_imputed"", ""ever_modified""]",Auto-Approve,0.9999994039535522
112581487936,"{""next_3m_delinquency_flag"": 0.004848815035074949, ""next_6m_delinquency_flag"": 0.004885133355855942, ""next_12m_default_flag"": 0.00041254126699641347, ""next_12m_prepayment_flag"": 0.2646007239818573}",Prepaid,0.0017494175002873537,None,"[""dpd_delta_1m"", ""current_interest_rate""]",Auto-Approve,0.9999995231628418
112581487936,"{""next_3m_delinquency_flag"": 0.004848815035074949, ""next_6m_delinquency_flag"": 0.004885133355855942, ""next_12m_default_flag"": 0.00041254126699641347, ""next_12m_prepayment_flag"": 0.2646007239818573}",Prepaid,0.07247955644073671,None,"[""original_balance"", ""non_interest_bearing_upb""]",Auto-Approve,0.9999996423721313
112581487936,"{""next_3m_delinquency_flag"": 0.004848815035074949, ""next_6m_delinquency_flag"": 0.004885133355855942, ""next_12m_default_flag"": 0.00041254126699641347, ""next_12m_prepayment_flag"": 0.2646007239818573}",Prepaid,0.030633790333573743,None,"[""vintage_quarter"", ""dti_x_rate"", ""ever_delinquent""]",Auto-Approve,0.9999997615814209
112581487936,"{""next_3m_delinquency_flag"": 0.004848815035074949, ""next_6m_delinquency_flag"": 0.004885133355855942, ""next_12m_default_flag"": 0.00041254126699641347, ""next_12m_prepayment_flag"": 0.2646007239818573}",Prepaid,0.031494198803203144,None,"[""dpd_mean_12m"", ""modification_flag""]",Auto-Approve,0.9999997615814209
112581487936,"{""next_3m_delinquency_flag"": 0.004848815035074949, ""next_6m_delinquency_flag"": 0.004885133355855942, ""next_12m_default_flag"": 0.00041254126699641347, ""next_12m_prepayment_flag"": 0.2646007239818573}",Prepaid,0.09136346235437237,None,"[""balance_delta_3m"", ""delinquent_months_6m"", ""cum_delinquent_months""]",Auto-Approve,0.9999998807907104
112769811269,"{""next_3m_delinquency_flag"": 0.004848815035074949, ""next_6m_delinquency_flag"": 0.004885133355855942, ""next_12m_default_flag"": 0.00041254126699641347, ""next_12m_prepayment_flag"": 0.2646007239818573}",Prepaid,6.679182073358048e-05,None,"[""scheduled_principal"", ""dti"", ""delinquent_months_6m""]",Auto-Approve,0.9999896287918091
112769811269,"{""next_3m_delinquency_flag"": 0.004848815035074949, ""next_6m_delinquency_flag"": 0.004885133355855942, ""next_12m_default_flag"": 0.00041254126699641347, ""next_12m_prepayment_flag"": 0.2646007239818573}",Prepaid,0.04055745027029173,None,"[""co_borrower_credit_score"", ""original_balance""]",Auto-Approve,0.9999922513961792
112769811269,"{""next_3m_delinquency_flag"": 0.004848815035074949, ""next_6m_delinquency_flag"": 0.004885133355855942, ""next_12m_default_flag"": 0.00041254126699641347, ""next_12m_prepayment_flag"": 0.2646007239818573}",Prepaid,0.012369661607141626,None,"[""credit_score"", ""ltv"", ""non_interest_bearing_upb"", ""remaining_term_months""]",Auto-Approve,0.9999943971633911
112769811269,"{""next_3m_delinquency_flag"": 0.004848815035074949, ""next_6m_delinquency_flag"": 0.004885133355855942, ""next_12m_default_flag"": 0.00041254126699641347, ""next_12m_prepayment_flag"": 0.2646007239818573}",Prepaid,0.0774699883334093,None,"[""non_interest_bearing_upb"", ""high_dti_flag"", ""month_index""]",Auto-Approve,0.9999957084655762
112769811269,"{""next_3m_delinquency_flag"": 0.004848815035074949, ""next_6m_delinquency_flag"": 0.004885133355855942, ""next_12m_default_flag"": 0.00041254126699641347, ""next_12m_prepayment_flag"": 0.2646007239818573}",Prepaid,0.07190537370659,None,"[""amortisation_gap"", ""modification_flag""]",Auto-Approve,0.9999967813491821
112769811269,"{""next_3m_delinquency_flag"": 0.004848815035074949, ""next_6m_delinquency_flag"": 0.004885133355855942, ""next_12m_default_flag"": 0.00041254126699641347, ""next_12m_prepayment_flag"": 0.2646007239818573}",Prepaid,0.06691694362965231,None,"[""cum_missed_payments"", ""dpd_mean_3m""]",Auto-Approve,0.999997615814209
112769811269,"{""next_3m_delinquency_flag"": 0.004848815035074949, ""next_6m_delinquency_flag"": 0.004885133355855942, ""next_12m_default_flag"": 0.00041254126699641347, ""next_12m_prepayment_flag"": 0.2646007239818573}",Prepaid,0.02564536900979152,None,"[""original_balance"", ""num_units""]",Auto-Approve,0.999998927116394
112769811269,"{""next_3m_delinquency_flag"": 0.004848815035074949, ""next_6m_delinquency_flag"": 0.004885133355855942, ""next_12m_default_flag"": 0.00041254126699641347, ""next_12m_prepayment_flag"": 0.2646007239818573}",Prepaid,0.0718965296926468,None,"[""days_past_due""]",Auto-Approve,0.9999985694885254
112769811269,"{""next_3m_delinquency_flag"": 0.004848815035074949, ""next_6m_delinquency_flag"": 0.004885133355855942, ""next_12m_default_flag"": 0.00041254126699641347, ""next_12m_prepayment_flag"": 0.2646007239818573}",Prepaid,0.0914484135600167,None,"[""dlq_months"", ""current_balance"", ""dpd_max_6m""]",Auto-Approve,0.999998927116394
112769811269,"{""next_3m_delinquency_flag"": 0.004848815035074949, ""next_6m_delinquency_flag"": 0.004885133355855942, ""next_12m_default_flag"": 0.00041254126699641347, ""next_12m_prepayment_flag"": 0.2646007239818573}",Prepaid,0.017198054494122827,None,"[""mi_pct"", ""is_seasoned"", ""num_units""]",Auto-Approve,0.9999991655349731
112769811269,"{""next_3m_delinquency_flag"": 0.004848815035074949, ""next_6m_delinquency_flag"": 0.004885133355855942, ""next_12m_default_flag"": 0.00041254126699641347, ""next_12m_prepayment_flag"": 0.2646007239818573}",Prepaid,0.08085973322146982,None,"[""vintage_quarter""]",Auto-Approve,0.9999994039535522
112769811269,"{""next_3m_delinquency_flag"": 0.004848815035074949, ""next_6m_delinquency_flag"": 0.004885133355855942, ""next_12m_default_flag"": 0.00041254126699641347, ""next_12m_prepayment_flag"": 0.2646007239818573}",Prepaid,0.032237324425168634,None,"[""delinquent_months_3m"", ""loan_age_months"", ""balance_pct_change_1m"", ""debt_burden""]",Auto-Approve,0.9999995231628418
113056366247,"{""next_3m_delinquency_flag"": 0.004848815035074949, ""next_6m_delinquency_flag"": 0.004885133355855942, ""next_12m_default_flag"": 0.00041254126699641347, ""next_12m_prepayment_flag"": 0.2646007239818573}",Prepaid,0.03295280585020577,None,"[""combined_ltv"", ""ever_delinquent"", ""ever_forbearance"", ""ever_modified""]",Auto-Approve,0.9999957084655762
113056366247,"{""next_3m_delinquency_flag"": 0.004848815035074949, ""next_6m_delinquency_flag"": 0.004885133355855942, ""next_12m_default_flag"": 0.00041254126699641347, ""next_12m_prepayment_flag"": 0.2646007239818573}",Prepaid,0.03003517076738396,None,"[""months_since_modification"", ""interest_rate""]",Auto-Approve,0.9999967813491821
113056366247,"{""next_3m_delinquency_flag"": 0.004848815035074949, ""next_6m_delinquency_flag"": 0.004885133355855942, ""next_12m_default_flag"": 0.00041254126699641347, ""next_12m_prepayment_flag"": 0.2646007239818573}",Prepaid,0.035119013530675494,None,"[""loan_age_months"", ""dti_x_rate"", ""balance_reduction_ratio""]",Auto-Approve,0.9999971389770508
113056366247,"{""next_3m_delinquency_flag"": 0.004848815035074949, ""next_6m_delinquency_flag"": 0.004885133355855942, ""next_12m_default_flag"": 0.00041254126699641347, ""next_12m_prepayment_flag"": 0.2646007239818573}",Prepaid,0.03866518889548412,None,"[""term_elapsed_pct"", ""delinquent_months_6m""]",Auto-Approve,0.9999982118606567
113056366247,"{""next_3m_delinquency_flag"": 0.004848815035074949, ""next_6m_delinquency_flag"": 0.004885133355855942, ""next_12m_default_flag"": 0.00041254126699641347, ""next_12m_prepayment_flag"": 0.2646007239818573}",Prepaid,0.05556928010324224,None,"[""non_interest_bearing_upb"", ""balance_imputed"", ""delinquent_months_3m"", ""n_soft_failures""]",Auto-Approve,0.9999986886978149
113056366247,"{""next_3m_delinquency_flag"": 0.004848815035074949, ""next_6m_delinquency_flag"": 0.004885133355855942, ""next_12m_default_flag"": 0.00041254126699641347, ""next_12m_prepayment_flag"": 0.2646007239818573}",Prepaid,0.09563786390304996,None,"[""credit_score"", ""dpd_max_3m""]",Auto-Approve,0.9999990463256836
113056366247,"{""next_3m_delinquency_flag"": 0.004848815035074949, ""next_6m_delinquency_flag"": 0.004885133355855942, ""next_12m_default_flag"": 0.00041254126699641347, ""next_12m_prepayment_flag"": 0.2646007239818573}",Prepaid,0.06330358461980541,None,"[""delinquent_months_6m"", ""vintage_quarter""]",Auto-Approve,0.9999992847442627
113056366247,"{""next_3m_delinquency_flag"": 0.004848815035074949, ""next_6m_delinquency_flag"": 0.004885133355855942, ""next_12m_default_flag"": 0.00041254126699641347, ""next_12m_prepayment_flag"": 0.2646007239818573}",Prepaid,0.014974854079793643,None,"[""n_soft_failures"", ""first_time_buyer"", ""ever_modified"", ""dlq_months""]",Auto-Approve,0.9999994039535522
113056366247,"{""next_3m_delinquency_flag"": 0.004848815035074949, ""next_6m_delinquency_flag"": 0.004885133355855942, ""next_12m_default_flag"": 0.00041254126699641347, ""next_12m_prepayment_flag"": 0.2646007239818573}",Prepaid,0.022905575626755284,None,"[""ltv""]",Auto-Approve,0.9999995231628418
113056366247,"{""next_3m_delinquency_flag"": 0.004848815035074949, ""next_6m_delinquency_flag"": 0.004885133355855942, ""next_12m_default_flag"": 0.00041254126699641347, ""next_12m_prepayment_flag"": 0.2646007239818573}",Prepaid,0.023832440842940894,None,"[""loan_age_risk"", ""vintage_year"", ""balance_reduction_ratio""]",Auto-Approve,0.9999996423721313
113056366247,"{""next_3m_delinquency_flag"": 0.004848815035074949, ""next_6m_delinquency_flag"": 0.004885133355855942, ""next_12m_default_flag"": 0.00041254126699641347, ""next_12m_prepayment_flag"": 0.2646007239818573}",Prepaid,0.05528009751062323,None,"[""dpd_mean_12m""]",Auto-Approve,0.9999997615814209
113056366247,"{""next_3m_delinquency_flag"": 0.004848815035074949, ""next_6m_delinquency_flag"": 0.004885133355855942, ""next_12m_default_flag"": 0.00041254126699641347, ""next_12m_prepayment_flag"": 0.2646007239818573}",Prepaid,0.07952096376774404,None,"[""cum_delinquent_months"", ""ever_forbearance"", ""ever_delinquent"", ""num_borrowers""]",Auto-Approve,0.9999997615814209
113156301801,"{""next_3m_delinquency_flag"": 0.006703584920614958, ""next_6m_delinquency_flag"": 0.004885133355855942, ""next_12m_default_flag"": 0.0007804370252415538, ""next_12m_prepayment_flag"": 0.2646007239818573}",Prepaid,0.07713370448245921,None,"[""balance_delta_1m"", ""num_units"", ""cum_delinquent_months""]",Auto-Approve,0.9999401569366455
113156301801,"{""next_3m_delinquency_flag"": 0.006703584920614958, ""next_6m_delinquency_flag"": 0.004885133355855942, ""next_12m_default_flag"": 0.0007804370252415538, ""next_12m_prepayment_flag"": 0.2646007239818573}",Prepaid,0.017711308257678027,None,"[""dpd_delta_1m""]",Auto-Approve,0.9999549388885498
113156301801,"{""next_3m_delinquency_flag"": 0.006703584920614958, ""next_6m_delinquency_flag"": 0.004885133355855942, ""next_12m_default_flag"": 0.0007804370252415538, ""next_12m_prepayment_flag"": 0.2646007239818573}",Prepaid,0.02712872734256723,None,"[""mi_pct"", ""delinquent_months_3m""]",Auto-Approve,0.9999661445617676
113156301801,"{""next_3m_delinquency_flag"": 0.006165960803627968, ""next_6m_delinquency_flag"": 0.004885133355855942, ""next_12m_default_flag"": 0.0006000599823892117, ""next_12m_prepayment_flag"": 0.2646007239818573}",Prepaid,0.06134966404340887,None,"[""original_balance"", ""mi_pct"", ""dlqhist_x_ltv""]",Auto-Approve,0.9999744892120361
113156301801,"{""next_3m_delinquency_flag"": 0.006165960803627968, ""next_6m_delinquency_flag"": 0.004885133355855942, ""next_12m_default_flag"": 0.0006000599823892117, ""next_12m_prepayment_flag"": 0.2646007239818573}",Prepaid,0.09879593351228949,None,"[""loan_age_months"", ""dpd_lag_1"", ""remaining_balance_pct"", ""dpd_max_3m""]",Auto-Approve,0.9999808073043823
113156301801,"{""next_3m_delinquency_flag"": 0.006165960803627968, ""next_6m_delinquency_flag"": 0.004885133355855942, ""next_12m_default_flag"": 0.0006000599823892117, ""next_12m_prepayment_flag"": 0.2646007239818573}",Prepaid,0.015340731110708872,None,"[""is_seasoned"", ""ever_forbearance""]",Auto-Approve,0.9999855756759644
113156301801,"{""next_3m_delinquency_flag"": 0.006165960803627968, ""next_6m_delinquency_flag"": 0.004885133355855942, ""next_12m_default_flag"": 0.0006000599823892117, ""next_12m_prepayment_flag"": 0.2646007239818573}",Prepaid,0.09515652213975107,None,"[""num_units"", ""loan_age_risk""]",Auto-Approve,0.9999891519546509
113156301801,"{""next_3m_delinquency_flag"": 0.006165960803627968, ""next_6m_delinquency_flag"": 0.004885133355855942, ""next_12m_default_flag"": 0.00041254126699641347, ""next_12m_prepayment_flag"": 0.2646007239818573}",Prepaid,0.004305665600608888,None,"[""credit_score"", ""rate_gap"", ""credit_x_ltv""]",Auto-Approve,0.999991774559021
113156301801,"{""next_3m_delinquency_flag"": 0.004848815035074949, ""next_6m_delinquency_flag"": 0.004885133355855942, ""next_12m_default_flag"": 0.00041254126699641347, ""next_12m_prepayment_flag"": 0.2646007239818573}",Prepaid,0.09394413028250664,None,"[""original_balance"", ""dpd_max_6m"", ""interest_rate"", ""dti_x_rate""]",Auto-Approve,0.9999938011169434
113156301801,"{""next_3m_delinquency_flag"": 0.004848815035074949, ""next_6m_delinquency_flag"": 0.004885133355855942, ""next_12m_default_flag"": 0.00041254126699641347, ""next_12m_prepayment_flag"": 0.2646007239818573}",Prepaid,0.004071949475607162,None,"[""ever_delinquent"", ""dpd_mean_3m"", ""n_soft_failures""]",Auto-Approve,0.9999953508377075
113156301801,"{""next_3m_delinquency_flag"": 0.004848815035074949, ""next_6m_delinquency_flag"": 0.004885133355855942, ""next_12m_default_flag"": 0.00041254126699641347, ""next_12m_prepayment_flag"": 0.2646007239818573}",Prepaid,0.045175603239341416,None,[],Auto-Approve,0.999996542930603
113156301801,"{""next_3m_delinquency_flag"": 0.004848815035074949, ""next_6m_delinquency_flag"": 0.004885133355855942, ""next_12m_default_flag"": 0.00041254126699641347, ""next_12m_prepayment_flag"": 0.2646007239818573}",Prepaid,0.03966172574892978,None,"[""dti"", ""loan_age_risk"", ""combined_ltv"", ""credit_x_ltv""]",Auto-Approve,0.9999973773956299
113281609619,"{""next_3m_delinquency_flag"": 0.004848815035074949, ""next_6m_delinquency_flag"": 0.004885133355855942, ""next_12m_default_flag"": 0.00041254126699641347, ""next_12m_prepayment_flag"": 0.2646007239818573}",Prepaid,0.020099430616416926,None,"[""ever_delinquent"", ""equity_cushion""]",Auto-Approve,0.9998735189437866
113281609619,"{""next_3m_delinquency_flag"": 0.004848815035074949, ""next_6m_delinquency_flag"": 0.004885133355855942, ""next_12m_default_flag"": 0.00041254126699641347, ""next_12m_prepayment_flag"": 0.2646007239818573}",Prepaid,0.045389193877267864,None,"[""combined_ltv"", ""dpd_max_6m""]",Auto-Approve,0.9999046325683594
113281609619,"{""next_3m_delinquency_flag"": 0.004848815035074949, ""next_6m_delinquency_flag"": 0.004885133355855942, ""next_12m_default_flag"": 0.00041254126699641347, ""next_12m_prepayment_flag"": 0.2646007239818573}",Prepaid,0.08282888067965867,None,"[""mi_pct"", ""delinquent_months_6m""]",Auto-Approve,0.9999282360076904
113281609619,"{""next_3m_delinquency_flag"": 0.004848815035074949, ""next_6m_delinquency_flag"": 0.004885133355855942, ""next_12m_default_flag"": 0.00041254126699641347, ""next_12m_prepayment_flag"": 0.2646007239818573}",Prepaid,0.06508449772525712,None,"[""ever_modified""]",Auto-Approve,0.999945878982544
113281609619,"{""next_3m_delinquency_flag"": 0.004848815035074949, ""next_6m_delinquency_flag"": 0.004885133355855942, ""next_12m_default_flag"": 0.00041254126699641347, ""next_12m_prepayment_flag"": 0.2646007239818573}",Prepaid,0.06325439074517313,None,"[""mi_pct"", ""scheduled_principal""]",Auto-Approve,0.9999592304229736
113281609619,"{""next_3m_delinquency_flag"": 0.004848815035074949, ""next_6m_delinquency_flag"": 0.004885133355855942, ""next_12m_default_flag"": 0.00041254126699641347, ""next_12m_prepayment_flag"": 0.2646007239818573}",Prepaid,0.021480120955069505,None,"[""balance_pct_change_1m"", ""high_dti_flag"", ""non_interest_bearing_upb""]",Auto-Approve,0.9999692440032959
113281609619,"{""next_3m_delinquency_flag"": 0.004848815035074949, ""next_6m_delinquency_flag"": 0.004885133355855942, ""next_12m_default_flag"": 0.00041254126699641347, ""next_12m_prepayment_flag"": 0.2646007239818573}",Prepaid,0.06493235922908396,None,"[""vintage_year""]",Auto-Approve,0.9999768733978271
113281609619,"{""next_3m_delinquency_flag"": 0.004848815035074949, ""next_6m_delinquency_flag"": 0.004885133355855942, ""next_12m_default_flag"": 0.00041254126699641347, ""next_12m_prepayment_flag"": 0.2646007239818573}",Prepaid,0.025947597045837156,None,"[""rate_gap"", ""dpd_delta_1m"", ""original_balance"", ""original_term_months""]",Auto-Approve,0.999982476234436
113281609619,"{""next_3m_delinquency_flag"": 0.004848815035074949, ""next_6m_delinquency_flag"": 0.004885133355855942, ""next_12m_default_flag"": 0.00041254126699641347, ""next_12m_prepayment_flag"": 0.2646007239818573}",Prepaid,0.08323000343489002,None,"[""current_balance"", ""delinquent_months_12m"", ""ever_modified"", ""is_seasoned""]",Auto-Approve,0.9999867677688599
113281609619,"{""next_3m_delinquency_flag"": 0.004848815035074949, ""next_6m_delinquency_flag"": 0.004885133355855942, ""next_12m_default_flag"": 0.00041254126699641347, ""next_12m_prepayment_flag"": 0.2646007239818573}",Prepaid,0.08489641635940443,None,"[""delinquent_months_6m"", ""delinquent_months_12m""]",Auto-Approve,0.9999901056289673
113281609619,"{""next_3m_delinquency_flag"": 0.004848815035074949, ""next_6m_delinquency_flag"": 0.004885133355855942, ""next_12m_default_flag"": 0.00041254126699641347, ""next_12m_prepayment_flag"": 0.2646007239818573}",Prepaid,0.06812453053631627,None,"[""remaining_balance_pct"", ""forbearance_flag"", ""forbearance_months"", ""delinquent_months_3m""]",Auto-Approve,0.9999924898147583
113281609619,"{""next_3m_delinquency_flag"": 0.004848815035074949, ""next_6m_delinquency_flag"": 0.004885133355855942, ""next_12m_default_flag"": 0.00041254126699641347, ""next_12m_prepayment_flag"": 0.2646007239818573}",Prepaid,0.029138702931661375,None,"[""month_index"", ""dpd_mean_3m"", ""credit_risk_score""]",Auto-Approve,0.9999943971633911
113547684438,"{""next_3m_delinquency_flag"": 0.42152467370033264, ""next_6m_delinquency_flag"": 0.004885133355855942, ""next_12m_default_flag"": 0.00041254126699641347, ""next_12m_prepayment_flag"": 0.015909090638160706}",Delinquent,0.0988513722191505,None,"[""is_seasoned"", ""current_balance"", ""dpd_max_12m""]",Auto-Approve,0.9999812841415405
113547684438,"{""next_3m_delinquency_flag"": 0.42152467370033264, ""next_6m_delinquency_flag"": 0.004885133355855942, ""next_12m_default_flag"": 0.00041254126699641347, ""next_12m_prepayment_flag"": 0.015909090638160706}",Delinquent,0.081640387308126,None,"[""non_interest_bearing_upb"", ""original_balance""]",Auto-Approve,0.9999797344207764
113547684438,"{""next_3m_delinquency_flag"": 0.42152467370033264, ""next_6m_delinquency_flag"": 0.004885133355855942, ""next_12m_default_flag"": 0.00041254126699641347, ""next_12m_prepayment_flag"": 0.015909090638160706}",Delinquent,0.06480989821130652,None,"[""credit_x_dti"", ""delinquent_months_3m"", ""dlqhist_x_ltv"", ""balance_reduction_ratio""]",Auto-Approve,0.9999779462814331
113547684438,"{""next_3m_delinquency_flag"": 0.42152467370033264, ""next_6m_delinquency_flag"": 0.004885133355855942, ""next_12m_default_flag"": 0.00041254126699641347, ""next_12m_prepayment_flag"": 0.015909090638160706}",Delinquent,0.0614323762770039,None,"[""scheduled_principal"", ""subprime_flag"", ""dlqhist_x_ltv"", ""mi_pct""]",Auto-Approve,0.9999761581420898
113547684438,"{""next_3m_delinquency_flag"": 0.42152467370033264, ""next_6m_delinquency_flag"": 0.004885133355855942, ""next_12m_default_flag"": 0.00041254126699641347, ""next_12m_prepayment_flag"": 0.015909090638160706}",Delinquent,0.026866688137568862,None,"[""equity_cushion"", ""delinquent_months_12m""]",Auto-Approve,0.9999740123748779
113547684438,"{""next_3m_delinquency_flag"": 0.42152467370033264, ""next_6m_delinquency_flag"": 0.004885133355855942, ""next_12m_default_flag"": 0.00041254126699641347, ""next_12m_prepayment_flag"": 0.015909090638160706}",Delinquent,0.08608065628497914,None,"[""dti_x_rate""]",Auto-Approve,0.999971866607666
113547684438,"{""next_3m_delinquency_flag"": 0.42152467370033264, ""next_6m_delinquency_flag"": 0.004885133355855942, ""next_12m_default_flag"": 0.00041254126699641347, ""next_12m_prepayment_flag"": 0.015909090638160706}",Delinquent,0.07075822190733112,None,"[""vintage_quarter"", ""interest_rate"", ""n_soft_failures"", ""scheduled_principal""]",Auto-Approve,0.9999693632125854
113547684438,"{""next_3m_delinquency_flag"": 0.42152467370033264, ""next_6m_delinquency_flag"": 0.004885133355855942, ""next_12m_default_flag"": 0.00041254126699641347, ""next_12m_prepayment_flag"": 0.015909090638160706}",Delinquent,0.08047356130850275,None,"[""dpd_delta_1m"", ""ever_forbearance""]",Auto-Approve,0.9999667406082153
113547684438,"{""next_3m_delinquency_flag"": 0.42152467370033264, ""next_6m_delinquency_flag"": 0.004885133355855942, ""next_12m_default_flag"": 0.00041254126699641347, ""next_12m_prepayment_flag"": 0.015909090638160706}",Delinquent,0.0955683727750504,None,"[""n_soft_failures"", ""dpd_max_6m""]",Auto-Approve,0.9999638795852661
113547684438,"{""next_3m_delinquency_flag"": 0.42152467370033264, ""next_6m_delinquency_flag"": 0.004885133355855942, ""next_12m_default_flag"": 0.00041254126699641347, ""next_12m_prepayment_flag"": 0.015909090638160706}",Delinquent,0.046090456289890606,None,[],Auto-Approve,0.9999607801437378
113547684438,"{""next_3m_delinquency_flag"": 0.42152467370033264, ""next_6m_delinquency_flag"": 0.004885133355855942, ""next_12m_default_flag"": 0.00041254126699641347, ""next_12m_prepayment_flag"": 0.015909090638160706}",Delinquent,0.00017432638144186942,None,"[""months_since_modification"", ""cum_delinquent_months""]",Auto-Approve,0.9999574422836304
113547684438,"{""next_3m_delinquency_flag"": 0.4000000059604645, ""next_6m_delinquency_flag"": 0.004885133355855942, ""next_12m_default_flag"": 0.00041254126699641347, ""next_12m_prepayment_flag"": 0.015909090638160706}",Delinquent,0.09071106315807763,None,"[""cum_delinquent_months"", ""combined_ltv"", ""co_borrower_credit_score""]",Auto-Approve,0.9999537467956543
113579803147,"{""next_3m_delinquency_flag"": 0.004848815035074949, ""next_6m_delinquency_flag"": 0.004885133355855942, ""next_12m_default_flag"": 0.00041254126699641347, ""next_12m_prepayment_flag"": 0.2646007239818573}",Prepaid,0.05120505688390584,None,"[""non_interest_bearing_upb"", ""modification_flag"", ""equity_cushion""]",Auto-Approve,0.9999905824661255
113579803147,"{""next_3m_delinquency_flag"": 0.004848815035074949, ""next_6m_delinquency_flag"": 0.004885133355855942, ""next_12m_default_flag"": 0.00041254126699641347, ""next_12m_prepayment_flag"": 0.2646007239818573}",Prepaid,0.02523712099079374,None,"[""credit_risk_score"", ""forbearance_months"", ""n_hard_failures""]",Auto-Approve,0.9999929666519165
113579803147,"{""next_3m_delinquency_flag"": 0.004848815035074949, ""next_6m_delinquency_flag"": 0.004885133355855942, ""next_12m_default_flag"": 0.00041254126699641347, ""next_12m_prepayment_flag"": 0.2646007239818573}",Prepaid,0.007097873492162888,None,"[""balance_pct_change_1m""]",Auto-Approve,0.9999946355819702
113579803147,"{""next_3m_delinquency_flag"": 0.004848815035074949, ""next_6m_delinquency_flag"": 0.004885133355855942, ""next_12m_default_flag"": 0.00041254126699641347, ""next_12m_prepayment_flag"": 0.10131758451461792}",Prepaid,0.043047420116771956,None,"[""balance_reduction_ratio"", ""dlqhist_x_ltv"", ""credit_x_ltv"", ""balance_delta_1m""]",Auto-Approve,1.0
113655111918,"{""next_3m_delinquency_flag"": 0.004848815035074949, ""next_6m_delinquency_flag"": 0.004885133355855942, ""next_12m_default_flag"": 0.00041254126699641347, ""next_12m_prepayment_flag"": 0.179435133934021}",Prepaid,0.043665024170158766,None,"[""balance_delta_3m"", ""credit_x_dti"", ""mi_pct""]",Auto-Approve,0.9999842643737793
113655111918,"{""next_3m_delinquency_flag"": 0.004848815035074949, ""next_6m_delinquency_flag"": 0.004885133355855942, ""next_12m_default_flag"": 0.00041254126699641347, ""next_12m_prepayment_flag"": 0.179435133934021}",Prepaid,0.008031139193118186,None,"[""credit_x_dti"", ""rate_gap"", ""credit_x_ltv""]",Auto-Approve,0.9999881982803345
113655111918,"{""next_3m_delinquency_flag"": 0.004848815035074949, ""next_6m_delinquency_flag"": 0.004885133355855942, ""next_12m_default_flag"": 0.00041254126699641347, ""next_12m_prepayment_flag"": 0.17945824563503265}",Prepaid,0.09757574014451041,None,"[""credit_risk_score"", ""high_dti_flag"", ""ever_delinquent""]",Auto-Approve,0.9999910593032837
113655111918,"{""next_3m_delinquency_flag"": 0.004848815035074949, ""next_6m_delinquency_flag"": 0.004885133355855942, ""next_12m_default_flag"": 0.00041254126699641347, ""next_12m_prepayment_flag"": 0.17945824563503265}",Prepaid,0.08135499466930743,None,"[""high_ltv_flag""]",Auto-Approve,0.9999933242797852
113655111918,"{""next_3m_delinquency_flag"": 0.004848815035074949, ""next_6m_delinquency_flag"": 0.004885133355855942, ""next_12m_default_flag"": 0.00041254126699641347, ""next_12m_prepayment_flag"": 0.17945824563503265}",Prepaid,0.041804905136034166,None,"[""amortisation_gap"", ""n_hard_failures"", ""cum_missed_payments""]",Auto-Approve,0.9999948740005493
113655111918,"{""next_3m_delinquency_flag"": 0.004848815035074949, ""next_6m_delinquency_flag"": 0.004885133355855942, ""next_12m_default_flag"": 0.00041254126699641347, ""next_12m_prepayment_flag"": 0.182036891579628}",Prepaid,0.0857642982007298,None,"[""ltv"", ""balance_unrecoverable""]",Auto-Approve,0.9999961853027344
113655111918,"{""next_3m_delinquency_flag"": 0.004848815035074949, ""next_6m_delinquency_flag"": 0.004885133355855942, ""next_12m_default_flag"": 0.00041254126699641347, ""next_12m_prepayment_flag"": 0.19356708228588104}",Prepaid,0.08794290873985028,None,[],Auto-Approve,0.9999971389770508
113655111918,"{""next_3m_delinquency_flag"": 0.004848815035074949, ""next_6m_delinquency_flag"": 0.004885133355855942, ""next_12m_default_flag"": 0.00041254126699641347, ""next_12m_prepayment_flag"": 0.19356708228588104}",Prepaid,0.03932811809601802,None,"[""high_ltv_flag"", ""equity_cushion"", ""loan_age_risk"", ""non_interest_bearing_upb""]",Auto-Approve,0.9999978542327881
113655111918,"{""next_3m_delinquency_flag"": 0.004848815035074949, ""next_6m_delinquency_flag"": 0.004885133355855942, ""next_12m_default_flag"": 0.00041254126699641347, ""next_12m_prepayment_flag"": 0.19356708228588104}",Prepaid,0.09901257944994885,None,"[""dpd_mean_6m"", ""ever_forbearance"", ""balance_delta_1m"", ""dpd_lag_1""]",Auto-Approve,0.9999983310699463
113655111918,"{""next_3m_delinquency_flag"": 0.004848815035074949, ""next_6m_delinquency_flag"": 0.004885133355855942, ""next_12m_default_flag"": 0.00041254126699641347, ""next_12m_prepayment_flag"": 0.19356708228588104}",Prepaid,0.06804403421579763,None,"[""balance_reduction_ratio"", ""credit_score""]",Auto-Approve,0.9999988079071045
113655111918,"{""next_3m_delinquency_flag"": 0.004848815035074949, ""next_6m_delinquency_flag"": 0.004885133355855942, ""next_12m_default_flag"": 0.00041254126699641347, ""next_12m_prepayment_flag"": 0.19356708228588104}",Prepaid,0.08317031254420465,None,"[""modification_flag""]",Auto-Approve,0.9999990463256836
113655111918,"{""next_3m_delinquency_flag"": 0.004848815035074949, ""next_6m_delinquency_flag"": 0.004885133355855942, ""next_12m_default_flag"": 0.00041254126699641347, ""next_12m_prepayment_flag"": 0.19356708228588104}",Prepaid,0.01643273514360045,None,"[""dpd_mean_12m"", ""deferred_balance_pct"", ""remaining_balance_pct""]",Auto-Approve,0.9999992847442627
113836438920,"{""next_3m_delinquency_flag"": 0.006165960803627968, ""next_6m_delinquency_flag"": 0.004885133355855942, ""next_12m_default_flag"": 0.0006000599823892117, ""next_12m_prepayment_flag"": 0.2646007239818573}",Prepaid,0.09318612546389465,None,"[""balance_reduction_ratio"", ""amortisation_gap""]",Auto-Approve,0.9999991655349731
113836438920,"{""next_3m_delinquency_flag"": 0.006165960803627968, ""next_6m_delinquency_flag"": 0.004885133355855942, ""next_12m_default_flag"": 0.00041254126699641347, ""next_12m_prepayment_flag"": 0.2646007239818573}",Prepaid,0.019150466665321744,None,"[""scheduled_principal"", ""n_soft_failures""]",Auto-Approve,0.9999994039535522
113836438920,"{""next_3m_delinquency_flag"": 0.006165960803627968, ""next_6m_delinquency_flag"": 0.004885133355855942, ""next_12m_default_flag"": 0.00041254126699641347, ""next_12m_prepayment_flag"": 0.2646007239818573}",Prepaid,0.03742256901521457,None,"[""dpd_max_3m"", ""months_since_modification""]",Auto-Approve,0.9999995231628418
113836438920,"{""next_3m_delinquency_flag"": 0.004848815035074949, ""next_6m_delinquency_flag"": 0.004885133355855942, ""next_12m_default_flag"": 0.00041254126699641347, ""next_12m_prepayment_flag"": 0.2646007239818573}",Prepaid,0.05360622815384145,None,"[""dlq_status_unreported"", ""days_past_due"", ""ever_modified""]",Auto-Approve,0.9999996423721313
113836438920,"{""next_3m_delinquency_flag"": 0.004848815035074949, ""next_6m_delinquency_flag"": 0.004885133355855942, ""next_12m_default_flag"": 0.00041254126699641347, ""next_12m_prepayment_flag"": 0.2646007239818573}",Prepaid,0.08085459444788695,None,"[""credit_risk_score"", ""principal_forgiveness"", ""interest_rate""]",Auto-Approve,0.9999997615814209
113836438920,"{""next_3m_delinquency_flag"": 0.004848815035074949, ""next_6m_delinquency_flag"": 0.004885133355855942, ""next_12m_default_flag"": 0.00041254126699641347, ""next_12m_prepayment_flag"": 0.2646007239818573}",Prepaid,0.03508472137598886,None,"[""forbearance_flag"", ""credit_x_dti"", ""n_soft_failures""]",Auto-Approve,0.9999997615814209
113836438920,"{""next_3m_delinquency_flag"": 0.004848815035074949, ""next_6m_delinquency_flag"": 0.004885133355855942, ""next_12m_default_flag"": 0.00041254126699641347, ""next_12m_prepayment_flag"": 0.2646007239818573}",Prepaid,0.05216536326316449,None,"[""dpd_delta_1m""]",Auto-Approve,0.9999998807907104
113836438920,"{""next_3m_delinquency_flag"": 0.004848815035074949, ""next_6m_delinquency_flag"": 0.004885133355855942, ""next_12m_default_flag"": 0.00041254126699641347, ""next_12m_prepayment_flag"": 0.2646007239818573}",Prepaid,0.084885019349827,None,"[""deferred_balance_pct""]",Auto-Approve,0.9999998807907104
113836438920,"{""next_3m_delinquency_flag"": 0.004848815035074949, ""next_6m_delinquency_flag"": 0.004885133355855942, ""next_12m_default_flag"": 0.00041254126699641347, ""next_12m_prepayment_flag"": 0.2646007239818573}",Prepaid,0.02909652993590761,None,"[""current_interest_rate"", ""scheduled_principal"", ""high_dti_flag""]",Auto-Approve,0.9999998807907104
113836438920,"{""next_3m_delinquency_flag"": 0.004848815035074949, ""next_6m_delinquency_flag"": 0.004885133355855942, ""next_12m_default_flag"": 0.00041254126699641347, ""next_12m_prepayment_flag"": 0.2646007239818573}",Prepaid,0.09065988654556524,None,"[""mi_pct"", ""num_borrowers""]",Auto-Approve,0.9999998807907104
113836438920,"{""next_3m_delinquency_flag"": 0.004848815035074949, ""next_6m_delinquency_flag"": 0.004885133355855942, ""next_12m_default_flag"": 0.00041254126699641347, ""next_12m_prepayment_flag"": 0.2646007239818573}",Prepaid,0.024739486751665908,None,"[""original_balance"", ""balance_unrecoverable"", ""interest_rate"", ""balance_reduction_ratio""]",Auto-Approve,1.0
113836438920,"{""next_3m_delinquency_flag"": 0.004848815035074949, ""next_6m_delinquency_flag"": 0.004885133355855942, ""next_12m_default_flag"": 0.00041254126699641347, ""next_12m_prepayment_flag"": 0.2646007239818573}",Prepaid,0.08061662724482582,None,"[""forbearance_flag""]",Auto-Approve,1.0
114532801834,"{""next_3m_delinquency_flag"": 0.004848815035074949, ""next_6m_delinquency_flag"": 0.004885133355855942, ""next_12m_default_flag"": 0.00041254126699641347, ""next_12m_prepayment_flag"": 0.2646007239818573}",Prepaid,0.03153066491026304,None,"[""original_balance"", ""forbearance_months"", ""cum_delinquent_months""]",Auto-Approve,0.9999948740005493
114532801834,"{""next_3m_delinquency_flag"": 0.004848815035074949, ""next_6m_delinquency_flag"": 0.004885133355855942, ""next_12m_default_flag"": 0.00041254126699641347, ""next_12m_prepayment_flag"": 0.2646007239818573}",Prepaid,0.05108676995245975,None,"[""dlq_status_unreported"", ""credit_risk_score"", ""dpd_lag_1"", ""credit_x_dti""]",Auto-Approve,0.9999961853027344
114532801834,"{""next_3m_delinquency_flag"": 0.004848815035074949, ""next_6m_delinquency_flag"": 0.004885133355855942, ""next_12m_default_flag"": 0.00041254126699641347, ""next_12m_prepayment_flag"": 0.2646007239818573}",Prepaid,0.08996462190927201,None,"[""subprime_flag""]",Auto-Approve,0.9999971389770508
114532801834,"{""next_3m_delinquency_flag"": 0.004848815035074949, ""next_6m_delinquency_flag"": 0.004885133355855942, ""next_12m_default_flag"": 0.00041254126699641347, ""next_12m_prepayment_flag"": 0.2646007239818573}",Prepaid,0.022281053700743115,None,"[""mi_pct"", ""ever_forbearance"", ""deferred_balance_pct""]",Auto-Approve,0.9999977350234985
114532801834,"{""next_3m_delinquency_flag"": 0.004848815035074949, ""next_6m_delinquency_flag"": 0.004885133355855942, ""next_12m_default_flag"": 0.00041254126699641347, ""next_12m_prepayment_flag"": 0.2646007239818573}",Prepaid,0.003532497758987974,None,"[""loan_age_risk"", ""credit_x_dti"", ""dpd_max_12m"", ""dlqhist_x_ltv""]",Auto-Approve,0.9999983310699463
114532801834,"{""next_3m_delinquency_flag"": 0.004848815035074949, ""next_6m_delinquency_flag"": 0.004885133355855942, ""next_12m_default_flag"": 0.00041254126699641347, ""next_12m_prepayment_flag"": 0.2646007239818573}",Prepaid,0.03757940395125117,None,"[""month_index"", ""remaining_balance_pct"", ""rate_gap"", ""delinquent_months_6m""]",Auto-Approve,0.9999986886978149
114532801834,"{""next_3m_delinquency_flag"": 0.004848815035074949, ""next_6m_delinquency_flag"": 0.004885133355855942, ""next_12m_default_flag"": 0.00041254126699641347, ""next_12m_prepayment_flag"": 0.2646007239818573}",Prepaid,0.07731185466046918,None,"[""cum_missed_payments"", ""is_seasoned"", ""balance_pct_change_1m"", ""dpd_mean_12m""]",Auto-Approve,0.9999990463256836
114532801834,"{""next_3m_delinquency_flag"": 0.004848815035074949, ""next_6m_delinquency_flag"": 0.004885133355855942, ""next_12m_default_flag"": 0.00041254126699641347, ""next_12m_prepayment_flag"": 0.2646007239818573}",Prepaid,0.050986684058278026,None,"[""ever_forbearance"", ""interest_rate""]",Auto-Approve,0.9999992847442627
114532801834,"{""next_3m_delinquency_flag"": 0.004848815035074949, ""next_6m_delinquency_flag"": 0.004885133355855942, ""next_12m_default_flag"": 0.00041254126699641347, ""next_12m_prepayment_flag"": 0.2646007239818573}",Prepaid,0.036893479152454924,None,"[""dpd_mean_12m"", ""days_past_due"", ""vintage_year""]",Auto-Approve,0.9999994039535522
114532801834,"{""next_3m_delinquency_flag"": 0.004848815035074949, ""next_6m_delinquency_flag"": 0.004885133355855942, ""next_12m_default_flag"": 0.00041254126699641347, ""next_12m_prepayment_flag"": 0.2646007239818573}",Prepaid,0.05302683138620245,None,"[""original_balance"", ""vintage_quarter"", ""credit_score""]",Auto-Approve,0.9999995231628418
114532801834,"{""next_3m_delinquency_flag"": 0.004848815035074949, ""next_6m_delinquency_flag"": 0.004885133355855942, ""next_12m_default_flag"": 0.00041254126699641347, ""next_12m_prepayment_flag"": 0.2646007239818573}",Prepaid,0.08727935381725857,None,"[""first_time_buyer"", ""delinquent_months_12m"", ""dlq_months"", ""dlq_status_unreported""]",Auto-Approve,0.9999996423721313
114532801834,"{""next_3m_delinquency_flag"": 0.004848815035074949, ""next_6m_delinquency_flag"": 0.004885133355855942, ""next_12m_default_flag"": 0.00041254126699641347, ""next_12m_prepayment_flag"": 0.2646007239818573}",Prepaid,0.029076568495652957,None,"[""original_term_months"", ""credit_score""]",Auto-Approve,0.9999997615814209
115020404558,"{""next_3m_delinquency_flag"": 0.010746268555521965, ""next_6m_delinquency_flag"": 0.004885133355855942, ""next_12m_default_flag"": 0.00041254126699641347, ""next_12m_prepayment_flag"": 0.2646007239818573}",Current,0.03650902003537678,None,"[""delinquent_months_6m""]",Auto-Approve,0.6733595728874207
115020404558,"{""next_3m_delinquency_flag"": 0.010746268555521965, ""next_6m_delinquency_flag"": 0.004885133355855942, ""next_12m_default_flag"": 0.00041254126699641347, ""next_12m_prepayment_flag"": 0.2646007239818573}",Current,0.00435024370364604,None,"[""remaining_balance_pct"", ""non_interest_bearing_upb""]",Auto-Approve,0.6852015852928162
115020404558,"{""next_3m_delinquency_flag"": 0.010746268555521965, ""next_6m_delinquency_flag"": 0.004885133355855942, ""next_12m_default_flag"": 0.00041254126699641347, ""next_12m_prepayment_flag"": 0.2646007239818573}",Current,0.05759360113927323,None,"[""rate_gap"", ""interest_rate""]",Auto-Approve,0.6945232152938843
115020404558,"{""next_3m_delinquency_flag"": 0.010746268555521965, ""next_6m_delinquency_flag"": 0.004885133355855942, ""next_12m_default_flag"": 0.00041254126699641347, ""next_12m_prepayment_flag"": 0.2646007239818573}",Current,0.08373464474745843,None,"[""high_ltv_flag"", ""balance_unrecoverable""]",Auto-Approve,0.7006798386573792
115020404558,"{""next_3m_delinquency_flag"": 0.007795100100338459, ""next_6m_delinquency_flag"": 0.004885133355855942, ""next_12m_default_flag"": 0.00041254126699641347, ""next_12m_prepayment_flag"": 0.2646007239818573}",Current,0.0135395834665487,None,"[""deferred_balance_pct"", ""dlqhist_x_ltv""]",Auto-Approve,0.7028865814208984
115020404558,"{""next_3m_delinquency_flag"": 0.006703584920614958, ""next_6m_delinquency_flag"": 0.004885133355855942, ""next_12m_default_flag"": 0.00041254126699641347, ""next_12m_prepayment_flag"": 0.2646007239818573}",Current,0.0894727403501537,None,"[""n_hard_failures"", ""forbearance_flag"", ""dpd_mean_6m""]",Auto-Approve,0.7002225518226624
115020404558,"{""next_3m_delinquency_flag"": 0.006703584920614958, ""next_6m_delinquency_flag"": 0.004885133355855942, ""next_12m_default_flag"": 0.00041254126699641347, ""next_12m_prepayment_flag"": 0.2646007239818573}",Current,0.0385105291399014,None,"[""ever_delinquent"", ""days_past_due"", ""original_balance"", ""credit_x_dti"", ""balance_delta_3m""]",Auto-Approve,0.6916596293449402
115020404558,"{""next_3m_delinquency_flag"": 0.006703584920614958, ""next_6m_delinquency_flag"": 0.004885133355855942, ""next_12m_default_flag"": 0.00041254126699641347, ""next_12m_prepayment_flag"": 0.2646007239818573}",Current,0.016514497741186306,None,"[""dpd_max_3m"", ""current_interest_rate""]",Auto-Approve,0.6761476397514343
115020404558,"{""next_3m_delinquency_flag"": 0.006703584920614958, ""next_6m_delinquency_flag"": 0.004885133355855942, ""next_12m_default_flag"": 0.00041254126699641347, ""next_12m_prepayment_flag"": 0.2646007239818573}",Current,0.05484704265274366,None,"[""credit_x_ltv"", ""cum_missed_payments"", ""month_index""]",Auto-Approve,0.6527524590492249
115020404558,"{""next_3m_delinquency_flag"": 0.006165960803627968, ""next_6m_delinquency_flag"": 0.004885133355855942, ""next_12m_default_flag"": 0.00041254126699641347, ""next_12m_prepayment_flag"": 0.2646007239818573}",Current,0.05161685085786562,None,"[""ever_modified"", ""modification_flag"", ""delinquent_months_6m"", ""n_soft_failures""]",Auto-Approve,0.6208592653274536
115020404558,"{""next_3m_delinquency_flag"": 0.006165960803627968, ""next_6m_delinquency_flag"": 0.004885133355855942, ""next_12m_default_flag"": 0.00041254126699641347, ""next_12m_prepayment_flag"": 0.2646007239818573}",Current,0.07543837358211297,None,"[""credit_x_dti"", ""co_borrower_credit_score"", ""dlqhist_x_ltv""]",Auto-Approve,0.5804217457771301
115020404558,"{""next_3m_delinquency_flag"": 0.006165960803627968, ""next_6m_delinquency_flag"": 0.004885133355855942, ""next_12m_default_flag"": 0.00041254126699641347, ""next_12m_prepayment_flag"": 0.2646007239818573}",Current,0.09181191772036065,None,"[""ever_forbearance"", ""deferred_balance_pct"", ""credit_x_dti"", ""cum_missed_payments""]",Auto-Approve,0.5321718454360962
115107665075,"{""next_3m_delinquency_flag"": 0.004848815035074949, ""next_6m_delinquency_flag"": 0.004885133355855942, ""next_12m_default_flag"": 0.00041254126699641347, ""next_12m_prepayment_flag"": 0.2646007239818573}",Prepaid,0.0753279430336395,None,"[""dpd_max_3m""]",Auto-Approve,0.9999935626983643
115107665075,"{""next_3m_delinquency_flag"": 0.004848815035074949, ""next_6m_delinquency_flag"": 0.004885133355855942, ""next_12m_default_flag"": 0.00041254126699641347, ""next_12m_prepayment_flag"": 0.2646007239818573}",Prepaid,0.035354734043226275,None,"[""balance_delta_1m""]",Auto-Approve,0.9999953508377075
115107665075,"{""next_3m_delinquency_flag"": 0.004848815035074949, ""next_6m_delinquency_flag"": 0.004885133355855942, ""next_12m_default_flag"": 0.00041254126699641347, ""next_12m_prepayment_flag"": 0.2646007239818573}",Prepaid,0.028657724842044565,None,"[""ever_modified"", ""mi_pct"", ""combined_ltv""]",Auto-Approve,0.9999966621398926
115107665075,"{""next_3m_delinquency_flag"": 0.004848815035074949, ""next_6m_delinquency_flag"": 0.004885133355855942, ""next_12m_default_flag"": 0.00041254126699641347, ""next_12m_prepayment_flag"": 0.2646007239818573}",Prepaid,0.06848394389902347,None,"[""balance_reduction_ratio"", ""dpd_lag_3"", ""first_time_buyer""]",Auto-Approve,0.9999974966049194
115107665075,"{""next_3m_delinquency_flag"": 0.004848815035074949, ""next_6m_delinquency_flag"": 0.004885133355855942, ""next_12m_default_flag"": 0.00041254126699641347, ""next_12m_prepayment_flag"": 0.2646007239818573}",Prepaid,0.07383232750441825,None,"[""amortgap_x_rate"", ""combined_ltv""]",Auto-Approve,0.9999982118606567
115107665075,"{""next_3m_delinquency_flag"": 0.004848815035074949, ""next_6m_delinquency_flag"": 0.004885133355855942, ""next_12m_default_flag"": 0.00041254126699641347, ""next_12m_prepayment_flag"": 0.2646007239818573}",Prepaid,0.06364209722664707,None,"[""current_balance"", ""subprime_flag""]",Auto-Approve,0.9999986886978149
115107665075,"{""next_3m_delinquency_flag"": 0.004848815035074949, ""next_6m_delinquency_flag"": 0.004885133355855942, ""next_12m_default_flag"": 0.00041254126699641347, ""next_12m_prepayment_flag"": 0.2646007239818573}",Prepaid,0.018811163529232358,None,"[""dpd_mean_6m"", ""high_balance_flag"", ""balance_delta_3m""]",Auto-Approve,0.9999990463256836
115107665075,"{""next_3m_delinquency_flag"": 0.004848815035074949, ""next_6m_delinquency_flag"": 0.004885133355855942, ""next_12m_default_flag"": 0.00041254126699641347, ""next_12m_prepayment_flag"": 0.2646007239818573}",Prepaid,0.027010783574284228,None,"[""dpd_mean_3m""]",Auto-Approve,0.9999992847442627
115107665075,"{""next_3m_delinquency_flag"": 0.004848815035074949, ""next_6m_delinquency_flag"": 0.004885133355855942, ""next_12m_default_flag"": 0.00041254126699641347, ""next_12m_prepayment_flag"": 0.2646007239818573}",Prepaid,0.09996939528558871,None,"[""month_index"", ""num_units""]",Auto-Approve,0.9999994039535522
115107665075,"{""next_3m_delinquency_flag"": 0.004848815035074949, ""next_6m_delinquency_flag"": 0.004885133355855942, ""next_12m_default_flag"": 0.00041254126699641347, ""next_12m_prepayment_flag"": 0.2646007239818573}",Prepaid,0.008594697948542928,None,"[""vintage_quarter""]",Auto-Approve,0.9999996423721313
115107665075,"{""next_3m_delinquency_flag"": 0.004848815035074949, ""next_6m_delinquency_flag"": 0.004885133355855942, ""next_12m_default_flag"": 0.00041254126699641347, ""next_12m_prepayment_flag"": 0.2646007239818573}",Prepaid,0.018071224331781034,None,"[""cum_missed_payments"", ""dti"", ""delinquent_months_12m""]",Auto-Approve,0.9999996423721313
115107665075,"{""next_3m_delinquency_flag"": 0.004848815035074949, ""next_6m_delinquency_flag"": 0.004885133355855942, ""next_12m_default_flag"": 0.00041254126699641347, ""next_12m_prepayment_flag"": 0.2646007239818573}",Prepaid,0.060122521358805706,None,"[""loan_utilization"", ""loan_age_risk"", ""high_balance_flag"", ""dpd_lag_3""]",Auto-Approve,0.9999997615814209
115186510396,"{""next_3m_delinquency_flag"": 0.004848815035074949, ""next_6m_delinquency_flag"": 0.004885133355855942, ""next_12m_default_flag"": 0.00041254126699641347, ""next_12m_prepayment_flag"": 0.2646007239818573}",Prepaid,0.06903580853552144,None,"[""balance_pct_change_1m"", ""dpd_max_12m""]",Auto-Approve,1.0
115186510396,"{""next_3m_delinquency_flag"": 0.004848815035074949, ""next_6m_delinquency_flag"": 0.004885133355855942, ""next_12m_default_flag"": 0.00041254126699641347, ""next_12m_prepayment_flag"": 0.2646007239818573}",Prepaid,0.07274367677170888,None,"[""is_seasoned"", ""current_balance""]",Auto-Approve,1.0
115186510396,"{""next_3m_delinquency_flag"": 0.004848815035074949, ""next_6m_delinquency_flag"": 0.004885133355855942, ""next_12m_default_flag"": 0.00041254126699641347, ""next_12m_prepayment_flag"": 0.2646007239818573}",Prepaid,0.09606188795535935,None,"[""dpd_mean_12m"", ""cum_delinquent_months"", ""modification_flag""]",Auto-Approve,1.0
115186510396,"{""next_3m_delinquency_flag"": 0.004848815035074949, ""next_6m_delinquency_flag"": 0.004885133355855942, ""next_12m_default_flag"": 0.00041254126699641347, ""next_12m_prepayment_flag"": 0.2646007239818573}",Prepaid,0.0936502845991754,None,"[""loan_age_risk"", ""cum_missed_payments""]",Auto-Approve,1.0
115186510396,"{""next_3m_delinquency_flag"": 0.004848815035074949, ""next_6m_delinquency_flag"": 0.004885133355855942, ""next_12m_default_flag"": 0.00041254126699641347, ""next_12m_prepayment_flag"": 0.2646007239818573}",Prepaid,0.02752582231728993,None,"[""loan_age_risk""]",Auto-Approve,1.0
115186510396,"{""next_3m_delinquency_flag"": 0.004848815035074949, ""next_6m_delinquency_flag"": 0.004885133355855942, ""next_12m_default_flag"": 0.00041254126699641347, ""next_12m_prepayment_flag"": 0.2646007239818573}",Prepaid,0.05194683215748245,None,"[""ever_modified"", ""dpd_mean_6m""]",Auto-Approve,1.0
115186510396,"{""next_3m_delinquency_flag"": 0.004848815035074949, ""next_6m_delinquency_flag"": 0.004885133355855942, ""next_12m_default_flag"": 0.00041254126699641347, ""next_12m_prepayment_flag"": 0.2646007239818573}",Prepaid,0.05932813588541143,None,"[""forbearance_months"", ""ever_modified"", ""dti_x_rate"", ""dpd_max_12m""]",Auto-Approve,1.0
115186510396,"{""next_3m_delinquency_flag"": 0.004848815035074949, ""next_6m_delinquency_flag"": 0.004885133355855942, ""next_12m_default_flag"": 0.00041254126699641347, ""next_12m_prepayment_flag"": 0.2646007239818573}",Prepaid,0.08014141346957523,None,"[""current_interest_rate"", ""forbearance_months"", ""cum_missed_payments""]",Auto-Approve,1.0
115186510396,"{""next_3m_delinquency_flag"": 0.004848815035074949, ""next_6m_delinquency_flag"": 0.004885133355855942, ""next_12m_default_flag"": 0.00041254126699641347, ""next_12m_prepayment_flag"": 0.2646007239818573}",Prepaid,0.024195860584030095,None,"[""current_balance""]",Auto-Approve,1.0
115186510396,"{""next_3m_delinquency_flag"": 0.004848815035074949, ""next_6m_delinquency_flag"": 0.004885133355855942, ""next_12m_default_flag"": 0.00041254126699641347, ""next_12m_prepayment_flag"": 0.2646007239818573}",Prepaid,0.06985103310591209,None,"[""ever_delinquent"", ""dpd_max_6m"", ""dti_x_rate"", ""high_dti_flag""]",Auto-Approve,1.0
115186510396,"{""next_3m_delinquency_flag"": 0.004848815035074949, ""next_6m_delinquency_flag"": 0.004885133355855942, ""next_12m_default_flag"": 0.00041254126699641347, ""next_12m_prepayment_flag"": 0.2646007239818573}",Prepaid,0.08273352865769554,None,"[""balance_reduction_ratio""]",Auto-Approve,1.0
115186510396,"{""next_3m_delinquency_flag"": 0.004848815035074949, ""next_6m_delinquency_flag"": 0.004885133355855942, ""next_12m_default_flag"": 0.00041254126699641347, ""next_12m_prepayment_flag"": 0.2646007239818573}",Prepaid,0.09080233764861953,None,"[""ever_modified""]",Auto-Approve,1.0
115291181292,"{""next_3m_delinquency_flag"": 0.004848815035074949, ""next_6m_delinquency_flag"": 0.004885133355855942, ""next_12m_default_flag"": 0.00041254126699641347, ""next_12m_prepayment_flag"": 0.2646007239818573}",Prepaid,0.08417039053934056,None,"[""high_ltv_flag""]",Auto-Approve,0.999997615814209
115291181292,"{""next_3m_delinquency_flag"": 0.004848815035074949, ""next_6m_delinquency_flag"": 0.004885133355855942, ""next_12m_default_flag"": 0.00041254126699641347, ""next_12m_prepayment_flag"": 0.2646007239818573}",Prepaid,0.009978907197290022,None,"[""dti"", ""month_index""]",Auto-Approve,0.9999982118606567
115291181292,"{""next_3m_delinquency_flag"": 0.004848815035074949, ""next_6m_delinquency_flag"": 0.004885133355855942, ""next_12m_default_flag"": 0.00041254126699641347, ""next_12m_prepayment_flag"": 0.2646007239818573}",Prepaid,0.07584878962246774,None,"[""n_hard_failures"", ""vintage_quarter"", ""dti_x_rate""]",Auto-Approve,0.9999986886978149
115291181292,"{""next_3m_delinquency_flag"": 0.004848815035074949, ""next_6m_delinquency_flag"": 0.004885133355855942, ""next_12m_default_flag"": 0.00041254126699641347, ""next_12m_prepayment_flag"": 0.10113741457462311}",Prepaid,0.05031207964667839,None,"[""cum_missed_payments"", ""dpd_mean_12m""]",Auto-Approve,1.0
116160819336,"{""next_3m_delinquency_flag"": 0.004848815035074949, ""next_6m_delinquency_flag"": 0.004885133355855942, ""next_12m_default_flag"": 0.00041254126699641347, ""next_12m_prepayment_flag"": 0.2646007239818573}",Prepaid,0.0552644107142638,None,"[""balance_unrecoverable"", ""ever_modified"", ""current_interest_rate"", ""dpd_max_12m""]",Auto-Approve,0.9999977350234985
116160819336,"{""next_3m_delinquency_flag"": 0.004848815035074949, ""next_6m_delinquency_flag"": 0.004885133355855942, ""next_12m_default_flag"": 0.00041254126699641347, ""next_12m_prepayment_flag"": 0.2646007239818573}",Prepaid,0.010097045690563322,None,"[""high_ltv_flag"", ""delinquent_months_3m"", ""dti""]",Auto-Approve,0.9999983310699463
116160819336,"{""next_3m_delinquency_flag"": 0.004848815035074949, ""next_6m_delinquency_flag"": 0.004885133355855942, ""next_12m_default_flag"": 0.00041254126699641347, ""next_12m_prepayment_flag"": 0.2646007239818573}",Prepaid,0.07161065114270514,None,"[""n_soft_failures"", ""loan_utilization""]",Auto-Approve,0.9999986886978149
116160819336,"{""next_3m_delinquency_flag"": 0.004848815035074949, ""next_6m_delinquency_flag"": 0.004885133355855942, ""next_12m_default_flag"": 0.00041254126699641347, ""next_12m_prepayment_flag"": 0.2646007239818573}",Prepaid,0.06246632279195007,None,"[""month_index"", ""equity_cushion"", ""credit_risk_score"", ""is_seasoned""]",Auto-Approve,0.9999990463256836
116160819336,"{""next_3m_delinquency_flag"": 0.004848815035074949, ""next_6m_delinquency_flag"": 0.004885133355855942, ""next_12m_default_flag"": 0.00041254126699641347, ""next_12m_prepayment_flag"": 0.2646007239818573}",Prepaid,0.008709685768277553,None,"[""homeready_flag"", ""dpd_lag_1"", ""dpd_lag_3""]",Auto-Approve,0.9999992847442627
116160819336,"{""next_3m_delinquency_flag"": 0.004848815035074949, ""next_6m_delinquency_flag"": 0.004885133355855942, ""next_12m_default_flag"": 0.00041254126699641347, ""next_12m_prepayment_flag"": 0.2646007239818573}",Prepaid,0.05348964345340686,None,"[""remaining_balance_pct"", ""high_dti_flag"", ""ever_forbearance"", ""modification_flag""]",Auto-Approve,0.9999994039535522
116160819336,"{""next_3m_delinquency_flag"": 0.004848815035074949, ""next_6m_delinquency_flag"": 0.004885133355855942, ""next_12m_default_flag"": 0.00041254126699641347, ""next_12m_prepayment_flag"": 0.2646007239818573}",Prepaid,0.003057523058358247,None,"[""equity_cushion"", ""forbearance_months"", ""is_seasoned"", ""forbearance_flag"", ""months_since_modification""]",Auto-Approve,0.9999995231628418
116160819336,"{""next_3m_delinquency_flag"": 0.004848815035074949, ""next_6m_delinquency_flag"": 0.004885133355855942, ""next_12m_default_flag"": 0.00041254126699641347, ""next_12m_prepayment_flag"": 0.2646007239818573}",Prepaid,0.0581014811993307,None,"[""mi_pct""]",Auto-Approve,0.9999996423721313
116160819336,"{""next_3m_delinquency_flag"": 0.004848815035074949, ""next_6m_delinquency_flag"": 0.004885133355855942, ""next_12m_default_flag"": 0.00041254126699641347, ""next_12m_prepayment_flag"": 0.2646007239818573}",Prepaid,0.01867343233090776,None,"[""dpd_delta_1m"", ""amortgap_x_rate""]",Auto-Approve,0.9999997615814209
116160819336,"{""next_3m_delinquency_flag"": 0.004848815035074949, ""next_6m_delinquency_flag"": 0.004885133355855942, ""next_12m_default_flag"": 0.00041254126699641347, ""next_12m_prepayment_flag"": 0.2646007239818573}",Prepaid,0.05810181571402731,None,"[""amortisation_gap"", ""principal_forgiveness""]",Auto-Approve,0.9999997615814209
116160819336,"{""next_3m_delinquency_flag"": 0.004848815035074949, ""next_6m_delinquency_flag"": 0.004885133355855942, ""next_12m_default_flag"": 0.00041254126699641347, ""next_12m_prepayment_flag"": 0.2646007239818573}",Prepaid,0.032107207576950236,None,"[""num_borrowers"", ""equity_cushion"", ""dti_x_rate""]",Auto-Approve,0.9999998807907104
116160819336,"{""next_3m_delinquency_flag"": 0.004848815035074949, ""next_6m_delinquency_flag"": 0.004885133355855942, ""next_12m_default_flag"": 0.00041254126699641347, ""next_12m_prepayment_flag"": 0.2646007239818573}",Prepaid,0.019973259944376945,None,"[""scheduled_principal"", ""mi_pct""]",Auto-Approve,0.9999998807907104
116246536260,"{""next_3m_delinquency_flag"": 0.004848815035074949, ""next_6m_delinquency_flag"": 0.004885133355855942, ""next_12m_default_flag"": 0.00041254126699641347, ""next_12m_prepayment_flag"": 0.2526881694793701}",Prepaid,0.05594991115492344,None,"[""modification_flag"", ""scheduled_principal"", ""dpd_max_6m""]",Auto-Approve,0.999995231628418
116246536260,"{""next_3m_delinquency_flag"": 0.004848815035074949, ""next_6m_delinquency_flag"": 0.004885133355855942, ""next_12m_default_flag"": 0.00041254126699641347, ""next_12m_prepayment_flag"": 0.2526881694793701}",Prepaid,0.03737830148057112,None,"[""month_index"", ""balance_imputed""]",Auto-Approve,0.9999963045120239
116246536260,"{""next_3m_delinquency_flag"": 0.004848815035074949, ""next_6m_delinquency_flag"": 0.004885133355855942, ""next_12m_default_flag"": 0.00041254126699641347, ""next_12m_prepayment_flag"": 0.2646007239818573}",Prepaid,0.032245346032422066,None,"[""non_interest_bearing_upb"", ""balance_pct_change_1m""]",Auto-Approve,0.9999971389770508
116246536260,"{""next_3m_delinquency_flag"": 0.004848815035074949, ""next_6m_delinquency_flag"": 0.004885133355855942, ""next_12m_default_flag"": 0.00041254126699641347, ""next_12m_prepayment_flag"": 0.2646007239818573}",Prepaid,0.09627331149383851,None,"[""modification_flag""]",Auto-Approve,0.9999978542327881
116246536260,"{""next_3m_delinquency_flag"": 0.004848815035074949, ""next_6m_delinquency_flag"": 0.004885133355855942, ""next_12m_default_flag"": 0.00041254126699641347, ""next_12m_prepayment_flag"": 0.2646007239818573}",Prepaid,0.08195842393590663,None,"[""balance_reduction_ratio"", ""original_balance""]",Auto-Approve,0.9999983310699463
116246536260,"{""next_3m_delinquency_flag"": 0.004848815035074949, ""next_6m_delinquency_flag"": 0.004885133355855942, ""next_12m_default_flag"": 0.00041254126699641347, ""next_12m_prepayment_flag"": 0.2646007239818573}",Prepaid,0.08149693721988921,None,"[""scheduled_principal""]",Auto-Approve,0.9999986886978149
116246536260,"{""next_3m_delinquency_flag"": 0.004848815035074949, ""next_6m_delinquency_flag"": 0.004885133355855942, ""next_12m_default_flag"": 0.00041254126699641347, ""next_12m_prepayment_flag"": 0.2646007239818573}",Prepaid,0.09254326902692632,None,"[""subprime_flag"", ""dti"", ""mi_pct""]",Auto-Approve,0.999998927116394
116246536260,"{""next_3m_delinquency_flag"": 0.004848815035074949, ""next_6m_delinquency_flag"": 0.004885133355855942, ""next_12m_default_flag"": 0.00041254126699641347, ""next_12m_prepayment_flag"": 0.2646007239818573}",Prepaid,0.03434012294693367,None,"[""rate_gap""]",Auto-Approve,0.9999991655349731
116246536260,"{""next_3m_delinquency_flag"": 0.004848815035074949, ""next_6m_delinquency_flag"": 0.004885133355855942, ""next_12m_default_flag"": 0.00041254126699641347, ""next_12m_prepayment_flag"": 0.2646007239818573}",Prepaid,0.04372268436825442,None,"[""co_borrower_credit_score"", ""current_interest_rate""]",Auto-Approve,0.9999994039535522
116246536260,"{""next_3m_delinquency_flag"": 0.004848815035074949, ""next_6m_delinquency_flag"": 0.004885133355855942, ""next_12m_default_flag"": 0.00041254126699641347, ""next_12m_prepayment_flag"": 0.2646007239818573}",Prepaid,0.023372393246015446,None,"[""dpd_mean_6m""]",Auto-Approve,0.9999995231628418
116246536260,"{""next_3m_delinquency_flag"": 0.004848815035074949, ""next_6m_delinquency_flag"": 0.004885133355855942, ""next_12m_default_flag"": 0.00041254126699641347, ""next_12m_prepayment_flag"": 0.2646007239818573}",Prepaid,0.03559232521450239,None,"[""dpd_mean_6m"", ""non_interest_bearing_upb"", ""equity_cushion""]",Auto-Approve,0.9999996423721313
116246536260,"{""next_3m_delinquency_flag"": 0.004848815035074949, ""next_6m_delinquency_flag"": 0.004885133355855942, ""next_12m_default_flag"": 0.00041254126699641347, ""next_12m_prepayment_flag"": 0.2646007239818573}",Prepaid,0.04076543025604782,None,"[""credit_x_dti""]",Auto-Approve,0.9999996423721313
116579367886,"{""next_3m_delinquency_flag"": 0.004848815035074949, ""next_6m_delinquency_flag"": 0.004885133355855942, ""next_12m_default_flag"": 0.00041254126699641347, ""next_12m_prepayment_flag"": 0.2646007239818573}",Prepaid,0.013085248445966946,None,"[""num_borrowers"", ""dpd_max_3m"", ""remaining_term_months""]",Auto-Approve,0.9999985694885254
116579367886,"{""next_3m_delinquency_flag"": 0.004848815035074949, ""next_6m_delinquency_flag"": 0.004885133355855942, ""next_12m_default_flag"": 0.00041254126699641347, ""next_12m_prepayment_flag"": 0.2646007239818573}",Prepaid,0.023419678386938727,None,"[""vintage_year"", ""balance_unrecoverable""]",Auto-Approve,0.999998927116394
116579367886,"{""next_3m_delinquency_flag"": 0.004848815035074949, ""next_6m_delinquency_flag"": 0.004885133355855942, ""next_12m_default_flag"": 0.00041254126699641347, ""next_12m_prepayment_flag"": 0.2646007239818573}",Prepaid,0.014962126347303584,None,"[""term_elapsed_pct""]",Auto-Approve,0.9999991655349731
116579367886,"{""next_3m_delinquency_flag"": 0.004848815035074949, ""next_6m_delinquency_flag"": 0.004885133355855942, ""next_12m_default_flag"": 0.00041254126699641347, ""next_12m_prepayment_flag"": 0.2646007239818573}",Prepaid,0.030235420587847863,None,[],Auto-Approve,0.9999994039535522
116579367886,"{""next_3m_delinquency_flag"": 0.004848815035074949, ""next_6m_delinquency_flag"": 0.004885133355855942, ""next_12m_default_flag"": 0.00041254126699641347, ""next_12m_prepayment_flag"": 0.2646007239818573}",Prepaid,0.02760558001047383,None,"[""balance_delta_1m"", ""dlq_status_unreported""]",Auto-Approve,0.9999996423721313
116579367886,"{""next_3m_delinquency_flag"": 0.004848815035074949, ""next_6m_delinquency_flag"": 0.004885133355855942, ""next_12m_default_flag"": 0.00041254126699641347, ""next_12m_prepayment_flag"": 0.2646007239818573}",Prepaid,0.06880639721866832,None,"[""months_since_modification""]",Auto-Approve,0.9999996423721313
116579367886,"{""next_3m_delinquency_flag"": 0.004848815035074949, ""next_6m_delinquency_flag"": 0.004885133355855942, ""next_12m_default_flag"": 0.00041254126699641347, ""next_12m_prepayment_flag"": 0.2646007239818573}",Prepaid,0.0014489111042626512,None,"[""remaining_balance_pct"", ""ever_forbearance""]",Auto-Approve,0.9999997615814209
116579367886,"{""next_3m_delinquency_flag"": 0.004848815035074949, ""next_6m_delinquency_flag"": 0.004885133355855942, ""next_12m_default_flag"": 0.00041254126699641347, ""next_12m_prepayment_flag"": 0.2646007239818573}",Prepaid,0.08848682056959964,None,"[""original_balance"", ""dpd_mean_6m""]",Auto-Approve,0.9999998807907104
116579367886,"{""next_3m_delinquency_flag"": 0.004848815035074949, ""next_6m_delinquency_flag"": 0.004885133355855942, ""next_12m_default_flag"": 0.00041254126699641347, ""next_12m_prepayment_flag"": 0.2646007239818573}",Prepaid,0.062020532846328885,None,"[""dpd_mean_12m"", ""deferred_balance_pct"", ""scheduled_principal"", ""remaining_term_months""]",Auto-Approve,0.9999998807907104
116579367886,"{""next_3m_delinquency_flag"": 0.004848815035074949, ""next_6m_delinquency_flag"": 0.004885133355855942, ""next_12m_default_flag"": 0.00041254126699641347, ""next_12m_prepayment_flag"": 0.2646007239818573}",Prepaid,0.047195077711485234,None,"[""dpd_delta_1m"", ""high_balance_flag"", ""remaining_term_months"", ""is_seasoned""]",Auto-Approve,0.9999998807907104
116579367886,"{""next_3m_delinquency_flag"": 0.004848815035074949, ""next_6m_delinquency_flag"": 0.004885133355855942, ""next_12m_default_flag"": 0.00041254126699641347, ""next_12m_prepayment_flag"": 0.2646007239818573}",Prepaid,0.05149230382997716,None,"[""forbearance_months""]",Auto-Approve,0.9999998807907104
116579367886,"{""next_3m_delinquency_flag"": 0.004848815035074949, ""next_6m_delinquency_flag"": 0.004885133355855942, ""next_12m_default_flag"": 0.00041254126699641347, ""next_12m_prepayment_flag"": 0.2646007239818573}",Prepaid,0.08240987368170274,None,"[""current_interest_rate""]",Auto-Approve,1.0
116940678978,"{""next_3m_delinquency_flag"": 0.012232416309416294, ""next_6m_delinquency_flag"": 0.004885133355855942, ""next_12m_default_flag"": 0.00041254126699641347, ""next_12m_prepayment_flag"": 0.2646007239818573}",Current,0.018488999684587504,None,"[""days_past_due""]",Auto-Approve,0.5031852126121521
116940678978,"{""next_3m_delinquency_flag"": 0.012232416309416294, ""next_6m_delinquency_flag"": 0.004885133355855942, ""next_12m_default_flag"": 0.00041254126699641347, ""next_12m_prepayment_flag"": 0.2646007239818573}",Current,0.033963137208343486,None,"[""delinquent_months_12m"", ""ever_delinquent"", ""dpd_delta_1m""]",Auto-Approve,0.49069052934646606
116940678978,"{""next_3m_delinquency_flag"": 0.010746268555521965, ""next_6m_delinquency_flag"": 0.004885133355855942, ""next_12m_default_flag"": 0.00041254126699641347, ""next_12m_prepayment_flag"": 0.2646007239818573}",Current,0.05832975008492274,None,"[""debt_burden"", ""balance_pct_change_1m""]",Auto-Approve,0.47036269307136536
116940678978,"{""next_3m_delinquency_flag"": 0.010746268555521965, ""next_6m_delinquency_flag"": 0.004885133355855942, ""next_12m_default_flag"": 0.00041254126699641347, ""next_12m_prepayment_flag"": 0.2646007239818573}",Current,0.044385339030928395,None,"[""remaining_balance_pct"", ""high_balance_flag"", ""cum_missed_payments"", ""principal_forgiveness""]",Auto-Approve,0.4420768916606903
116940678978,"{""next_3m_delinquency_flag"": 0.010746268555521965, ""next_6m_delinquency_flag"": 0.004885133355855942, ""next_12m_default_flag"": 0.00041254126699641347, ""next_12m_prepayment_flag"": 0.2646007239818573}",Current,0.0698553276833848,None,"[""high_ltv_flag"", ""modification_flag"", ""current_balance""]",Auto-Approve,0.40649470686912537
116940678978,"{""next_3m_delinquency_flag"": 0.010746268555521965, ""next_6m_delinquency_flag"": 0.004885133355855942, ""next_12m_default_flag"": 0.00041254126699641347, ""next_12m_prepayment_flag"": 0.2646007239818573}",Prepaid,0.021035920322817394,None,"[""dlq_status_unreported"", ""mi_pct"", ""balance_imputed""]",Auto-Approve,0.47244662046432495
116940678978,"{""next_3m_delinquency_flag"": 0.010746268555521965, ""next_6m_delinquency_flag"": 0.004885133355855942, ""next_12m_default_flag"": 0.00041254126699641347, ""next_12m_prepayment_flag"": 0.2646007239818573}",Prepaid,0.08370894861040162,None,"[""debt_burden"", ""high_dti_flag"", ""balance_reduction_ratio""]",Auto-Approve,0.5485129952430725
116940678978,"{""next_3m_delinquency_flag"": 0.010746268555521965, ""next_6m_delinquency_flag"": 0.004885133355855942, ""next_12m_default_flag"": 0.00041254126699641347, ""next_12m_prepayment_flag"": 0.2646007239818573}",Prepaid,0.0993031207040185,None,"[""cum_missed_payments"", ""credit_x_dti""]",Auto-Approve,0.6220675110816956
116940678978,"{""next_3m_delinquency_flag"": 0.010746268555521965, ""next_6m_delinquency_flag"": 0.004885133355855942, ""next_12m_default_flag"": 0.00041254126699641347, ""next_12m_prepayment_flag"": 0.2646007239818573}",Prepaid,0.0759679016222187,None,"[""high_dti_flag"", ""forbearance_flag"", ""balance_reduction_ratio""]",Auto-Approve,0.6901324987411499
116940678978,"{""next_3m_delinquency_flag"": 0.010746268555521965, ""next_6m_delinquency_flag"": 0.004885133355855942, ""next_12m_default_flag"": 0.00041254126699641347, ""next_12m_prepayment_flag"": 0.2646007239818573}",Prepaid,0.00024452362510316575,None,"[""ever_forbearance"", ""balance_delta_3m""]",Auto-Approve,0.7506199479103088
116940678978,"{""next_3m_delinquency_flag"": 0.010746268555521965, ""next_6m_delinquency_flag"": 0.004885133355855942, ""next_12m_default_flag"": 0.00041254126699641347, ""next_12m_prepayment_flag"": 0.2646007239818573}",Prepaid,0.044980195103018566,None,"[""dpd_delta_1m"", ""cum_missed_payments""]",Auto-Approve,0.8024910092353821
116940678978,"{""next_3m_delinquency_flag"": 0.010746268555521965, ""next_6m_delinquency_flag"": 0.004885133355855942, ""next_12m_default_flag"": 0.00041254126699641347, ""next_12m_prepayment_flag"": 0.2646007239818573}",Prepaid,0.0760523957847154,None,"[""combined_ltv""]",Auto-Approve,0.8456434607505798
116950044453,"{""next_3m_delinquency_flag"": 0.004848815035074949, ""next_6m_delinquency_flag"": 0.004885133355855942, ""next_12m_default_flag"": 0.00041254126699641347, ""next_12m_prepayment_flag"": 0.2646007239818573}",Prepaid,0.013995385247104863,None,"[""balance_reduction_ratio"", ""dlq_status_unreported""]",Auto-Approve,0.9999420642852783
116950044453,"{""next_3m_delinquency_flag"": 0.004848815035074949, ""next_6m_delinquency_flag"": 0.004885133355855942, ""next_12m_default_flag"": 0.00041254126699641347, ""next_12m_prepayment_flag"": 0.2646007239818573}",Prepaid,0.09590648326729471,None,"[""forbearance_months"", ""dpd_mean_12m""]",Auto-Approve,0.9999535083770752
116950044453,"{""next_3m_delinquency_flag"": 0.004848815035074949, ""next_6m_delinquency_flag"": 0.004885133355855942, ""next_12m_default_flag"": 0.00041254126699641347, ""next_12m_prepayment_flag"": 0.2646007239818573}",Prepaid,0.018122143826680325,None,"[""cum_delinquent_months"", ""first_time_buyer"", ""dti_x_rate""]",Auto-Approve,0.9999691247940063
116950044453,"{""next_3m_delinquency_flag"": 0.004848815035074949, ""next_6m_delinquency_flag"": 0.004885133355855942, ""next_12m_default_flag"": 0.00041254126699641347, ""next_12m_prepayment_flag"": 0.2646007239818573}",Prepaid,0.09223801097648127,None,"[""is_seasoned"", ""current_balance"", ""deferred_balance_pct""]",Auto-Approve,0.9999798536300659
116950044453,"{""next_3m_delinquency_flag"": 0.004848815035074949, ""next_6m_delinquency_flag"": 0.004885133355855942, ""next_12m_default_flag"": 0.00041254126699641347, ""next_12m_prepayment_flag"": 0.2646007239818573}",Prepaid,0.09469854705255716,None,"[""balance_imputed"", ""interest_rate"", ""loan_utilization"", ""subprime_flag"", ""dlqhist_x_ltv""]",Auto-Approve,0.9999866485595703
116950044453,"{""next_3m_delinquency_flag"": 0.004848815035074949, ""next_6m_delinquency_flag"": 0.004885133355855942, ""next_12m_default_flag"": 0.00041254126699641347, ""next_12m_prepayment_flag"": 0.2646007239818573}",Prepaid,0.08821958735879477,None,"[""forbearance_months""]",Auto-Approve,0.9999923706054688
116950044453,"{""next_3m_delinquency_flag"": 0.004848815035074949, ""next_6m_delinquency_flag"": 0.004885133355855942, ""next_12m_default_flag"": 0.00041254126699641347, ""next_12m_prepayment_flag"": 0.2646007239818573}",Prepaid,0.06780118046438637,None,"[""term_elapsed_pct"", ""months_since_modification""]",Auto-Approve,0.9999936819076538
116950044453,"{""next_3m_delinquency_flag"": 0.004848815035074949, ""next_6m_delinquency_flag"": 0.004885133355855942, ""next_12m_default_flag"": 0.00041254126699641347, ""next_12m_prepayment_flag"": 0.2646007239818573}",Prepaid,0.064394199640284,None,"[""loan_age_months"", ""subprime_flag"", ""ever_forbearance""]",Auto-Approve,0.9999961853027344
116950044453,"{""next_3m_delinquency_flag"": 0.004848815035074949, ""next_6m_delinquency_flag"": 0.004885133355855942, ""next_12m_default_flag"": 0.00041254126699641347, ""next_12m_prepayment_flag"": 0.2646007239818573}",Prepaid,0.07470562313312946,None,"[""dpd_lag_3""]",Auto-Approve,0.9999972581863403
116950044453,"{""next_3m_delinquency_flag"": 0.004848815035074949, ""next_6m_delinquency_flag"": 0.004885133355855942, ""next_12m_default_flag"": 0.00041254126699641347, ""next_12m_prepayment_flag"": 0.2646007239818573}",Prepaid,0.014126109551474798,None,"[""amortgap_x_rate"", ""forbearance_months""]",Auto-Approve,0.9999980926513672
116950044453,"{""next_3m_delinquency_flag"": 0.004848815035074949, ""next_6m_delinquency_flag"": 0.004885133355855942, ""next_12m_default_flag"": 0.00041254126699641347, ""next_12m_prepayment_flag"": 0.2646007239818573}",Prepaid,0.0112264050093008,None,"[""n_soft_failures"", ""delinquent_months_3m""]",Auto-Approve,0.999998927116394
116950044453,"{""next_3m_delinquency_flag"": 0.004848815035074949, ""next_6m_delinquency_flag"": 0.004885133355855942, ""next_12m_default_flag"": 0.00041254126699641347, ""next_12m_prepayment_flag"": 0.2646007239818573}",Prepaid,0.0675304342534688,None,"[""dti_x_rate"", ""loan_age_risk""]",Auto-Approve,0.9999991655349731
117502831623,"{""next_3m_delinquency_flag"": 0.07633587718009949, ""next_6m_delinquency_flag"": 0.004885133355855942, ""next_12m_default_flag"": 0.00041254126699641347, ""next_12m_prepayment_flag"": 0.2646007239818573}",Delinquent,0.0737431476096194,None,"[""ever_forbearance"", ""dpd_max_3m""]",Auto-Approve,0.9259160757064819
117502831623,"{""next_3m_delinquency_flag"": 0.06557376682758331, ""next_6m_delinquency_flag"": 0.004885133355855942, ""next_12m_default_flag"": 0.00041254126699641347, ""next_12m_prepayment_flag"": 0.2646007239818573}",Delinquent,0.008199739213325164,None,"[""original_balance""]",Auto-Approve,0.9201009273529053
117502831623,"{""next_3m_delinquency_flag"": 0.06557376682758331, ""next_6m_delinquency_flag"": 0.004885133355855942, ""next_12m_default_flag"": 0.00041254126699641347, ""next_12m_prepayment_flag"": 0.2646007239818573}",Delinquent,0.07551792268977063,None,"[""equity_cushion"", ""co_borrower_credit_score"", ""ever_modified"", ""balance_delta_3m""]",Auto-Approve,0.9138723611831665
117502831623,"{""next_3m_delinquency_flag"": 0.061403509229421616, ""next_6m_delinquency_flag"": 0.004885133355855942, ""next_12m_default_flag"": 0.00041254126699641347, ""next_12m_prepayment_flag"": 0.2646007239818573}",Delinquent,0.022354197166572633,None,"[""is_seasoned"", ""delinquent_months_6m""]",Auto-Approve,0.9072070717811584
117502831623,"{""next_3m_delinquency_flag"": 0.061403509229421616, ""next_6m_delinquency_flag"": 0.004885133355855942, ""next_12m_default_flag"": 0.00041254126699641347, ""next_12m_prepayment_flag"": 0.2646007239818573}",Delinquent,0.0963003682763347,None,"[""amortgap_x_rate"", ""forbearance_months""]",Auto-Approve,0.9000839591026306
117502831623,"{""next_3m_delinquency_flag"": 0.061403509229421616, ""next_6m_delinquency_flag"": 0.004885133355855942, ""next_12m_default_flag"": 0.00041254126699641347, ""next_12m_prepayment_flag"": 0.2646007239818573}",Delinquent,0.03379681597840125,None,"[""high_ltv_flag""]",Auto-Approve,0.8924784064292908
117502831623,"{""next_3m_delinquency_flag"": 0.061403509229421616, ""next_6m_delinquency_flag"": 0.004885133355855942, ""next_12m_default_flag"": 0.00041254126699641347, ""next_12m_prepayment_flag"": 0.2646007239818573}",Delinquent,0.0875605278394368,None,"[""first_time_buyer"", ""months_since_modification"", ""mi_pct"", ""balance_pct_change_1m""]",Auto-Approve,0.8843685388565063
117502831623,"{""next_3m_delinquency_flag"": 0.061403509229421616, ""next_6m_delinquency_flag"": 0.004885133355855942, ""next_12m_default_flag"": 0.00041254126699641347, ""next_12m_prepayment_flag"": 0.2646007239818573}",Delinquent,0.01666787390910286,None,"[""deferred_balance_pct"", ""rate_gap""]",Auto-Approve,0.8757321834564209
117502831623,"{""next_3m_delinquency_flag"": 0.061403509229421616, ""next_6m_delinquency_flag"": 0.004885133355855942, ""next_12m_default_flag"": 0.00041254126699641347, ""next_12m_prepayment_flag"": 0.2646007239818573}",Delinquent,0.08537726383676553,None,"[""is_seasoned"", ""ltv"", ""subprime_flag"", ""ever_forbearance"", ""ever_modified""]",Auto-Approve,0.8666304349899292
117502831623,"{""next_3m_delinquency_flag"": 0.061403509229421616, ""next_6m_delinquency_flag"": 0.004885133355855942, ""next_12m_default_flag"": 0.00041254126699641347, ""next_12m_prepayment_flag"": 0.2646007239818573}",Delinquent,0.09794639086681925,None,"[""delinquent_months_12m"", ""vintage_quarter"", ""cum_missed_payments"", ""month_index""]",Auto-Approve,0.8568481206893921
117502831623,"{""next_3m_delinquency_flag"": 0.061403509229421616, ""next_6m_delinquency_flag"": 0.004885133355855942, ""next_12m_default_flag"": 0.00041254126699641347, ""next_12m_prepayment_flag"": 0.2646007239818573}",Delinquent,0.03772530719916228,None,"[""balance_pct_change_1m""]",Auto-Approve,0.8468848466873169
117502831623,"{""next_3m_delinquency_flag"": 0.061403509229421616, ""next_6m_delinquency_flag"": 0.004885133355855942, ""next_12m_default_flag"": 0.00041254126699641347, ""next_12m_prepayment_flag"": 0.2646007239818573}",Delinquent,0.09655388680672064,None,"[""co_borrower_credit_score"", ""dpd_mean_6m"", ""balance_delta_3m""]",Auto-Approve,0.8359133005142212
117518679679,"{""next_3m_delinquency_flag"": 0.004848815035074949, ""next_6m_delinquency_flag"": 0.004885133355855942, ""next_12m_default_flag"": 0.00041254126699641347, ""next_12m_prepayment_flag"": 0.2646007239818573}",Prepaid,0.05559419130962348,None,"[""co_borrower_credit_score"", ""subprime_flag""]",Auto-Approve,0.9999939203262329
117518679679,"{""next_3m_delinquency_flag"": 0.004848815035074949, ""next_6m_delinquency_flag"": 0.004885133355855942, ""next_12m_default_flag"": 0.00041254126699641347, ""next_12m_prepayment_flag"": 0.2646007239818573}",Prepaid,0.020593252129053243,None,"[""current_balance""]",Auto-Approve,0.9999953508377075
117518679679,"{""next_3m_delinquency_flag"": 0.004848815035074949, ""next_6m_delinquency_flag"": 0.004885133355855942, ""next_12m_default_flag"": 0.00041254126699641347, ""next_12m_prepayment_flag"": 0.2646007239818573}",Prepaid,0.08814143675645947,None,"[""credit_risk_score"", ""dpd_mean_12m""]",Auto-Approve,0.999996542930603
117518679679,"{""next_3m_delinquency_flag"": 0.004848815035074949, ""next_6m_delinquency_flag"": 0.004885133355855942, ""next_12m_default_flag"": 0.00041254126699641347, ""next_12m_prepayment_flag"": 0.2646007239818573}",Prepaid,0.08730041870018598,None,"[""dpd_lag_1"", ""term_elapsed_pct""]",Auto-Approve,0.9999973773956299
117518679679,"{""next_3m_delinquency_flag"": 0.004848815035074949, ""next_6m_delinquency_flag"": 0.004885133355855942, ""next_12m_default_flag"": 0.00041254126699641347, ""next_12m_prepayment_flag"": 0.2646007239818573}",Prepaid,0.09816978092130141,None,"[""dpd_max_12m"", ""dpd_mean_12m"", ""cum_missed_payments"", ""vintage_year""]",Auto-Approve,0.9999979734420776
117518679679,"{""next_3m_delinquency_flag"": 0.004848815035074949, ""next_6m_delinquency_flag"": 0.004885133355855942, ""next_12m_default_flag"": 0.00041254126699641347, ""next_12m_prepayment_flag"": 0.2646007239818573}",Prepaid,0.0751157118491911,None,"[""debt_burden"", ""cum_delinquent_months"", ""num_units""]",Auto-Approve,0.9999984502792358
117518679679,"{""next_3m_delinquency_flag"": 0.004848815035074949, ""next_6m_delinquency_flag"": 0.004885133355855942, ""next_12m_default_flag"": 0.00041254126699641347, ""next_12m_prepayment_flag"": 0.2646007239818573}",Prepaid,0.06170141691220619,None,"[""n_hard_failures""]",Auto-Approve,0.9999988079071045
117518679679,"{""next_3m_delinquency_flag"": 0.004848815035074949, ""next_6m_delinquency_flag"": 0.004885133355855942, ""next_12m_default_flag"": 0.00041254126699641347, ""next_12m_prepayment_flag"": 0.2646007239818573}",Prepaid,0.058036515607071605,None,"[""amortgap_x_rate"", ""remaining_term_months"", ""months_since_modification""]",Auto-Approve,0.9999991655349731
117518679679,"{""next_3m_delinquency_flag"": 0.004848815035074949, ""next_6m_delinquency_flag"": 0.004885133355855942, ""next_12m_default_flag"": 0.00041254126699641347, ""next_12m_prepayment_flag"": 0.2646007239818573}",Prepaid,0.0893121356806802,None,"[""delinquent_months_12m"", ""dpd_mean_6m"", ""months_since_modification"", ""dti_x_rate""]",Auto-Approve,0.9999992847442627
117518679679,"{""next_3m_delinquency_flag"": 0.004848815035074949, ""next_6m_delinquency_flag"": 0.004885133355855942, ""next_12m_default_flag"": 0.00041254126699641347, ""next_12m_prepayment_flag"": 0.2646007239818573}",Prepaid,0.07524388694734671,None,"[""dlqhist_x_ltv"", ""num_borrowers"", ""n_hard_failures"", ""dti_x_rate"", ""forbearance_flag""]",Auto-Approve,0.9999995231628418
117518679679,"{""next_3m_delinquency_flag"": 0.004848815035074949, ""next_6m_delinquency_flag"": 0.004885133355855942, ""next_12m_default_flag"": 0.00041254126699641347, ""next_12m_prepayment_flag"": 0.2646007239818573}",Prepaid,0.05580591811149319,None,"[""delinquent_months_3m"", ""credit_x_dti"", ""combined_ltv""]",Auto-Approve,0.9999996423721313
117518679679,"{""next_3m_delinquency_flag"": 0.004848815035074949, ""next_6m_delinquency_flag"": 0.004885133355855942, ""next_12m_default_flag"": 0.00041254126699641347, ""next_12m_prepayment_flag"": 0.2646007239818573}",Prepaid,0.011599267770371813,None,"[""balance_unrecoverable"", ""days_past_due"", ""dti_x_rate""]",Auto-Approve,0.9999997615814209
118381820257,"{""next_3m_delinquency_flag"": 0.004848815035074949, ""next_6m_delinquency_flag"": 0.004885133355855942, ""next_12m_default_flag"": 0.00041254126699641347, ""next_12m_prepayment_flag"": 0.2646007239818573}",Prepaid,0.05368800833565715,None,"[""first_time_buyer"", ""loan_utilization""]",Auto-Approve,0.9999982118606567
118381820257,"{""next_3m_delinquency_flag"": 0.004848815035074949, ""next_6m_delinquency_flag"": 0.004885133355855942, ""next_12m_default_flag"": 0.00041254126699641347, ""next_12m_prepayment_flag"": 0.2646007239818573}",Prepaid,0.08047680818941229,None,"[""dpd_max_6m""]",Auto-Approve,0.9999986886978149
118381820257,"{""next_3m_delinquency_flag"": 0.004848815035074949, ""next_6m_delinquency_flag"": 0.004885133355855942, ""next_12m_default_flag"": 0.00041254126699641347, ""next_12m_prepayment_flag"": 0.2646007239818573}",Prepaid,0.07317791273062688,None,"[""remaining_balance_pct"", ""high_balance_flag"", ""credit_x_dti"", ""loan_age_months"", ""delinquent_months_3m""]",Auto-Approve,0.9999990463256836
118381820257,"{""next_3m_delinquency_flag"": 0.004848815035074949, ""next_6m_delinquency_flag"": 0.004885133355855942, ""next_12m_default_flag"": 0.00041254126699641347, ""next_12m_prepayment_flag"": 0.2646007239818573}",Prepaid,0.026272560158512294,None,"[""vintage_quarter"", ""amortgap_x_rate"", ""vintage_year""]",Auto-Approve,0.9999992847442627
118381820257,"{""next_3m_delinquency_flag"": 0.004848815035074949, ""next_6m_delinquency_flag"": 0.004885133355855942, ""next_12m_default_flag"": 0.00041254126699641347, ""next_12m_prepayment_flag"": 0.2646007239818573}",Prepaid,0.04909609981754279,None,"[""delinquent_months_12m"", ""scheduled_principal"", ""n_soft_failures""]",Auto-Approve,0.9999995231628418
118381820257,"{""next_3m_delinquency_flag"": 0.004848815035074949, ""next_6m_delinquency_flag"": 0.004885133355855942, ""next_12m_default_flag"": 0.00041254126699641347, ""next_12m_prepayment_flag"": 0.2646007239818573}",Prepaid,0.09189342044758582,None,"[""dpd_mean_6m""]",Auto-Approve,0.9999996423721313
118381820257,"{""next_3m_delinquency_flag"": 0.004848815035074949, ""next_6m_delinquency_flag"": 0.004885133355855942, ""next_12m_default_flag"": 0.00041254126699641347, ""next_12m_prepayment_flag"": 0.2646007239818573}",Prepaid,0.014105360113643595,None,"[""dpd_max_3m"", ""mi_pct"", ""modification_flag"", ""interest_rate""]",Auto-Approve,0.9999996423721313
118381820257,"{""next_3m_delinquency_flag"": 0.004848815035074949, ""next_6m_delinquency_flag"": 0.004885133355855942, ""next_12m_default_flag"": 0.00041254126699641347, ""next_12m_prepayment_flag"": 0.2646007239818573}",Prepaid,0.028197237817280642,None,"[""equity_cushion"", ""principal_forgiveness""]",Auto-Approve,0.9999997615814209
118381820257,"{""next_3m_delinquency_flag"": 0.004848815035074949, ""next_6m_delinquency_flag"": 0.004885133355855942, ""next_12m_default_flag"": 0.00041254126699641347, ""next_12m_prepayment_flag"": 0.2646007239818573}",Prepaid,0.018717151638087137,None,"[""first_time_buyer"", ""days_past_due""]",Auto-Approve,0.9999998807907104
118381820257,"{""next_3m_delinquency_flag"": 0.004848815035074949, ""next_6m_delinquency_flag"": 0.004885133355855942, ""next_12m_default_flag"": 0.00041254126699641347, ""next_12m_prepayment_flag"": 0.2646007239818573}",Prepaid,0.08509782619201964,None,"[""n_soft_failures"", ""dlq_status_unreported""]",Auto-Approve,0.9999998807907104
118381820257,"{""next_3m_delinquency_flag"": 0.004848815035074949, ""next_6m_delinquency_flag"": 0.004885133355855942, ""next_12m_default_flag"": 0.00041254126699641347, ""next_12m_prepayment_flag"": 0.2646007239818573}",Prepaid,0.04003457387823248,None,"[""loan_utilization"", ""co_borrower_credit_score"", ""equity_cushion"", ""dpd_max_12m""]",Auto-Approve,0.9999998807907104
118381820257,"{""next_3m_delinquency_flag"": 0.004848815035074949, ""next_6m_delinquency_flag"": 0.004885133355855942, ""next_12m_default_flag"": 0.00041254126699641347, ""next_12m_prepayment_flag"": 0.2646007239818573}",Prepaid,0.08539558296866459,None,"[""modification_flag"", ""dti"", ""dpd_mean_12m""]",Auto-Approve,0.9999998807907104
119055584487,"{""next_3m_delinquency_flag"": 0.004848815035074949, ""next_6m_delinquency_flag"": 0.004885133355855942, ""next_12m_default_flag"": 0.00041254126699641347, ""next_12m_prepayment_flag"": 0.20720720291137695}",Prepaid,0.002003743464619279,None,"[""dpd_mean_3m""]",Auto-Approve,0.9999799728393555
119055584487,"{""next_3m_delinquency_flag"": 0.004848815035074949, ""next_6m_delinquency_flag"": 0.004885133355855942, ""next_12m_default_flag"": 0.00041254126699641347, ""next_12m_prepayment_flag"": 0.2361111044883728}",Prepaid,0.012596081290369399,None,"[""credit_risk_score"", ""high_balance_flag""]",Auto-Approve,0.999984860420227
119055584487,"{""next_3m_delinquency_flag"": 0.004848815035074949, ""next_6m_delinquency_flag"": 0.004885133355855942, ""next_12m_default_flag"": 0.00041254126699641347, ""next_12m_prepayment_flag"": 0.2526881694793701}",Prepaid,0.06148825231387989,None,"[""dpd_lag_3"", ""dlqhist_x_ltv""]",Auto-Approve,0.9999885559082031
119055584487,"{""next_3m_delinquency_flag"": 0.004848815035074949, ""next_6m_delinquency_flag"": 0.004885133355855942, ""next_12m_default_flag"": 0.00041254126699641347, ""next_12m_prepayment_flag"": 0.2526881694793701}",Prepaid,0.015055669749083001,None,"[""high_ltv_flag"", ""cum_delinquent_months""]",Auto-Approve,0.9999914169311523
119055584487,"{""next_3m_delinquency_flag"": 0.004848815035074949, ""next_6m_delinquency_flag"": 0.004885133355855942, ""next_12m_default_flag"": 0.00041254126699641347, ""next_12m_prepayment_flag"": 0.2646007239818573}",Prepaid,0.038913026914318874,None,"[""vintage_year"", ""remaining_term_months"", ""non_interest_bearing_upb""]",Auto-Approve,0.9999934434890747
119055584487,"{""next_3m_delinquency_flag"": 0.004848815035074949, ""next_6m_delinquency_flag"": 0.004885133355855942, ""next_12m_default_flag"": 0.00041254126699641347, ""next_12m_prepayment_flag"": 0.2646007239818573}",Prepaid,0.03613095896543941,None,"[""dpd_mean_6m"", ""non_interest_bearing_upb""]",Auto-Approve,0.9999951124191284
119055584487,"{""next_3m_delinquency_flag"": 0.004848815035074949, ""next_6m_delinquency_flag"": 0.004885133355855942, ""next_12m_default_flag"": 0.00041254126699641347, ""next_12m_prepayment_flag"": 0.2646007239818573}",Prepaid,0.057590442404226096,None,"[""high_balance_flag"", ""months_since_modification"", ""delinquent_months_12m""]",Auto-Approve,0.9999963045120239
119055584487,"{""next_3m_delinquency_flag"": 0.004848815035074949, ""next_6m_delinquency_flag"": 0.004885133355855942, ""next_12m_default_flag"": 0.00041254126699641347, ""next_12m_prepayment_flag"": 0.2646007239818573}",Prepaid,0.05290047513771117,None,"[""credit_score""]",Auto-Approve,0.9999972581863403
119055584487,"{""next_3m_delinquency_flag"": 0.004848815035074949, ""next_6m_delinquency_flag"": 0.004885133355855942, ""next_12m_default_flag"": 0.00041254126699641347, ""next_12m_prepayment_flag"": 0.2646007239818573}",Prepaid,0.06291739650532498,None,"[""delinquent_months_3m"", ""high_balance_flag"", ""num_units"", ""dpd_max_3m""]",Auto-Approve,0.9999978542327881
119055584487,"{""next_3m_delinquency_flag"": 0.004848815035074949, ""next_6m_delinquency_flag"": 0.004885133355855942, ""next_12m_default_flag"": 0.00041254126699641347, ""next_12m_prepayment_flag"": 0.2646007239818573}",Prepaid,0.017065505896547217,None,"[""num_units"", ""interest_rate"", ""is_seasoned"", ""vintage_year""]",Auto-Approve,0.9999984502792358
119055584487,"{""next_3m_delinquency_flag"": 0.004848815035074949, ""next_6m_delinquency_flag"": 0.004885133355855942, ""next_12m_default_flag"": 0.00041254126699641347, ""next_12m_prepayment_flag"": 0.2646007239818573}",Prepaid,0.009983123214711133,None,"[""dti_x_rate"", ""remaining_term_months"", ""dpd_lag_1""]",Auto-Approve,0.9999988079071045
119055584487,"{""next_3m_delinquency_flag"": 0.004848815035074949, ""next_6m_delinquency_flag"": 0.004885133355855942, ""next_12m_default_flag"": 0.00041254126699641347, ""next_12m_prepayment_flag"": 0.2646007239818573}",Prepaid,0.0882011155260176,None,"[""n_soft_failures"", ""dlqhist_x_ltv"", ""dpd_max_12m""]",Auto-Approve,0.9999990463256836
119835296936,"{""next_3m_delinquency_flag"": 0.004848815035074949, ""next_6m_delinquency_flag"": 0.004885133355855942, ""next_12m_default_flag"": 0.00041254126699641347, ""next_12m_prepayment_flag"": 0.2646007239818573}",Prepaid,0.0013461153803138283,None,"[""term_elapsed_pct""]",Auto-Approve,1.0
119835296936,"{""next_3m_delinquency_flag"": 0.004848815035074949, ""next_6m_delinquency_flag"": 0.004885133355855942, ""next_12m_default_flag"": 0.00041254126699641347, ""next_12m_prepayment_flag"": 0.2646007239818573}",Prepaid,0.0057486753227271375,None,"[""credit_risk_score"", ""vintage_year""]",Auto-Approve,1.0
119835296936,"{""next_3m_delinquency_flag"": 0.004848815035074949, ""next_6m_delinquency_flag"": 0.004885133355855942, ""next_12m_default_flag"": 0.00041254126699641347, ""next_12m_prepayment_flag"": 0.2646007239818573}",Prepaid,0.03781247163550462,None,"[""mi_pct"", ""loan_age_risk"", ""months_since_modification""]",Auto-Approve,1.0
119835296936,"{""next_3m_delinquency_flag"": 0.004848815035074949, ""next_6m_delinquency_flag"": 0.004885133355855942, ""next_12m_default_flag"": 0.00041254126699641347, ""next_12m_prepayment_flag"": 0.2646007239818573}",Prepaid,0.03326013158187938,None,"[""dpd_lag_3"", ""amortgap_x_rate""]",Auto-Approve,1.0
119835296936,"{""next_3m_delinquency_flag"": 0.004848815035074949, ""next_6m_delinquency_flag"": 0.004885133355855942, ""next_12m_default_flag"": 0.00041254126699641347, ""next_12m_prepayment_flag"": 0.2646007239818573}",Prepaid,0.025595740830671287,None,"[""delinquent_months_6m"", ""balance_reduction_ratio"", ""balance_unrecoverable"", ""vintage_year""]",Auto-Approve,1.0
119835296936,"{""next_3m_delinquency_flag"": 0.004848815035074949, ""next_6m_delinquency_flag"": 0.004885133355855942, ""next_12m_default_flag"": 0.00041254126699641347, ""next_12m_prepayment_flag"": 0.2646007239818573}",Prepaid,0.0847176040755912,None,"[""credit_x_dti""]",Auto-Approve,1.0
119835296936,"{""next_3m_delinquency_flag"": 0.004848815035074949, ""next_6m_delinquency_flag"": 0.004885133355855942, ""next_12m_default_flag"": 0.00041254126699641347, ""next_12m_prepayment_flag"": 0.2646007239818573}",Prepaid,0.07682985063588754,None,"[""modification_flag"", ""dlq_status_unreported"", ""principal_forgiveness""]",Auto-Approve,1.0
119835296936,"{""next_3m_delinquency_flag"": 0.004848815035074949, ""next_6m_delinquency_flag"": 0.004885133355855942, ""next_12m_default_flag"": 0.00041254126699641347, ""next_12m_prepayment_flag"": 0.2646007239818573}",Prepaid,0.03638647380073273,None,"[""dpd_lag_3"", ""num_units"", ""current_interest_rate""]",Auto-Approve,1.0
119835296936,"{""next_3m_delinquency_flag"": 0.004848815035074949, ""next_6m_delinquency_flag"": 0.004885133355855942, ""next_12m_default_flag"": 0.00041254126699641347, ""next_12m_prepayment_flag"": 0.179435133934021}",Prepaid,0.033514809811743033,None,"[""dpd_mean_6m"", ""non_interest_bearing_upb""]",Auto-Approve,1.0
119877168825,"{""next_3m_delinquency_flag"": 0.004848815035074949, ""next_6m_delinquency_flag"": 0.004885133355855942, ""next_12m_default_flag"": 0.00041254126699641347, ""next_12m_prepayment_flag"": 0.2646007239818573}",Prepaid,0.00811510765563106,None,"[""credit_risk_score"", ""amortisation_gap"", ""balance_imputed""]",Auto-Approve,0.9999972581863403
119877168825,"{""next_3m_delinquency_flag"": 0.004848815035074949, ""next_6m_delinquency_flag"": 0.004885133355855942, ""next_12m_default_flag"": 0.00041254126699641347, ""next_12m_prepayment_flag"": 0.2646007239818573}",Prepaid,0.01993516277320715,None,"[""num_borrowers"", ""credit_risk_score""]",Auto-Approve,0.9999978542327881
119877168825,"{""next_3m_delinquency_flag"": 0.004848815035074949, ""next_6m_delinquency_flag"": 0.004885133355855942, ""next_12m_default_flag"": 0.00041254126699641347, ""next_12m_prepayment_flag"": 0.2646007239818573}",Prepaid,0.06402811155029696,None,"[""delinquent_months_3m"", ""forbearance_flag"", ""dti"", ""loan_utilization""]",Auto-Approve,0.9999984502792358
119877168825,"{""next_3m_delinquency_flag"": 0.004848815035074949, ""next_6m_delinquency_flag"": 0.004885133355855942, ""next_12m_default_flag"": 0.00041254126699641347, ""next_12m_prepayment_flag"": 0.2646007239818573}",Prepaid,0.016166684001964228,None,"[""dpd_mean_6m"", ""dti_x_rate"", ""combined_ltv"", ""dpd_mean_3m""]",Auto-Approve,0.9999988079071045
119877168825,"{""next_3m_delinquency_flag"": 0.004848815035074949, ""next_6m_delinquency_flag"": 0.004885133355855942, ""next_12m_default_flag"": 0.00041254126699641347, ""next_12m_prepayment_flag"": 0.2646007239818573}",Prepaid,0.024476473909601185,None,"[""modification_flag""]",Auto-Approve,0.9999990463256836
119877168825,"{""next_3m_delinquency_flag"": 0.004848815035074949, ""next_6m_delinquency_flag"": 0.004885133355855942, ""next_12m_default_flag"": 0.00041254126699641347, ""next_12m_prepayment_flag"": 0.2646007239818573}",Prepaid,0.076890211078541,None,"[""delinquent_months_12m""]",Auto-Approve,0.9999992847442627
119877168825,"{""next_3m_delinquency_flag"": 0.004848815035074949, ""next_6m_delinquency_flag"": 0.004885133355855942, ""next_12m_default_flag"": 0.00041254126699641347, ""next_12m_prepayment_flag"": 0.2646007239818573}",Prepaid,0.004065820047611479,None,"[""dpd_max_12m"", ""non_interest_bearing_upb""]",Auto-Approve,0.9999995231628418
119877168825,"{""next_3m_delinquency_flag"": 0.004848815035074949, ""next_6m_delinquency_flag"": 0.004885133355855942, ""next_12m_default_flag"": 0.00041254126699641347, ""next_12m_prepayment_flag"": 0.2646007239818573}",Prepaid,0.05874875474067124,None,"[""is_seasoned"", ""forbearance_flag"", ""deferred_balance_pct""]",Auto-Approve,0.9999996423721313
119877168825,"{""next_3m_delinquency_flag"": 0.004848815035074949, ""next_6m_delinquency_flag"": 0.004885133355855942, ""next_12m_default_flag"": 0.00041254126699641347, ""next_12m_prepayment_flag"": 0.2646007239818573}",Prepaid,0.08443822504171766,None,"[""dpd_mean_6m"", ""mi_pct""]",Auto-Approve,0.9999997615814209
119877168825,"{""next_3m_delinquency_flag"": 0.004848815035074949, ""next_6m_delinquency_flag"": 0.004885133355855942, ""next_12m_default_flag"": 0.00041254126699641347, ""next_12m_prepayment_flag"": 0.2646007239818573}",Prepaid,0.09415116615393267,None,"[""delinquent_months_3m"", ""delinquent_months_12m"", ""ltv""]",Auto-Approve,0.9999997615814209
119877168825,"{""next_3m_delinquency_flag"": 0.004848815035074949, ""next_6m_delinquency_flag"": 0.004885133355855942, ""next_12m_default_flag"": 0.00041254126699641347, ""next_12m_prepayment_flag"": 0.2646007239818573}",Prepaid,0.0867298264740998,None,"[""original_term_months"", ""credit_x_ltv"", ""dpd_mean_3m"", ""days_past_due""]",Auto-Approve,0.9999998807907104
119877168825,"{""next_3m_delinquency_flag"": 0.004848815035074949, ""next_6m_delinquency_flag"": 0.004885133355855942, ""next_12m_default_flag"": 0.00041254126699641347, ""next_12m_prepayment_flag"": 0.2646007239818573}",Prepaid,0.0341504520260756,None,"[""forbearance_flag"", ""debt_burden""]",Auto-Approve,0.9999998807907104
119959859488,"{""next_3m_delinquency_flag"": 0.004848815035074949, ""next_6m_delinquency_flag"": 0.004885133355855942, ""next_12m_default_flag"": 0.0007804370252415538, ""next_12m_prepayment_flag"": 0.2646007239818573}",Prepaid,0.022729986078265176,None,"[""current_balance"", ""forbearance_flag"", ""cum_missed_payments""]",Auto-Approve,0.9999970197677612
119959859488,"{""next_3m_delinquency_flag"": 0.004848815035074949, ""next_6m_delinquency_flag"": 0.004885133355855942, ""next_12m_default_flag"": 0.0007804370252415538, ""next_12m_prepayment_flag"": 0.2646007239818573}",Prepaid,0.036693369141178336,None,"[""num_units""]",Auto-Approve,0.9999977350234985
119959859488,"{""next_3m_delinquency_flag"": 0.004848815035074949, ""next_6m_delinquency_flag"": 0.004885133355855942, ""next_12m_default_flag"": 0.0006000599823892117, ""next_12m_prepayment_flag"": 0.2646007239818573}",Prepaid,0.09778099395372769,None,"[""delinquent_months_3m"", ""is_seasoned"", ""high_balance_flag""]",Auto-Approve,0.9999983310699463
119959859488,"{""next_3m_delinquency_flag"": 0.004848815035074949, ""next_6m_delinquency_flag"": 0.004885133355855942, ""next_12m_default_flag"": 0.0006000599823892117, ""next_12m_prepayment_flag"": 0.2646007239818573}",Prepaid,0.08110028476709075,None,"[""is_seasoned"", ""balance_unrecoverable""]",Auto-Approve,0.9999986886978149
119959859488,"{""next_3m_delinquency_flag"": 0.004848815035074949, ""next_6m_delinquency_flag"": 0.004885133355855942, ""next_12m_default_flag"": 0.0006000599823892117, ""next_12m_prepayment_flag"": 0.2646007239818573}",Prepaid,0.09587600923122991,None,"[""subprime_flag"", ""credit_score"", ""credit_risk_score"", ""balance_imputed""]",Auto-Approve,0.9999990463256836
119959859488,"{""next_3m_delinquency_flag"": 0.004848815035074949, ""next_6m_delinquency_flag"": 0.004885133355855942, ""next_12m_default_flag"": 0.0006000599823892117, ""next_12m_prepayment_flag"": 0.2646007239818573}",Prepaid,0.03572249627963871,None,"[""dpd_max_3m""]",Auto-Approve,0.9999992847442627
119959859488,"{""next_3m_delinquency_flag"": 0.004848815035074949, ""next_6m_delinquency_flag"": 0.004885133355855942, ""next_12m_default_flag"": 0.0006000599823892117, ""next_12m_prepayment_flag"": 0.2646007239818573}",Prepaid,0.0954486053194238,None,"[""balance_imputed""]",Auto-Approve,0.9999994039535522
119959859488,"{""next_3m_delinquency_flag"": 0.004848815035074949, ""next_6m_delinquency_flag"": 0.004885133355855942, ""next_12m_default_flag"": 0.00041254126699641347, ""next_12m_prepayment_flag"": 0.2646007239818573}",Prepaid,0.04816360210061432,None,"[""balance_reduction_ratio"", ""dlq_months""]",Auto-Approve,0.9999995231628418
119959859488,"{""next_3m_delinquency_flag"": 0.004848815035074949, ""next_6m_delinquency_flag"": 0.004885133355855942, ""next_12m_default_flag"": 0.00041254126699641347, ""next_12m_prepayment_flag"": 0.2646007239818573}",Prepaid,0.07232591489717097,None,"[""n_soft_failures""]",Auto-Approve,0.9999996423721313
119959859488,"{""next_3m_delinquency_flag"": 0.004848815035074949, ""next_6m_delinquency_flag"": 0.004885133355855942, ""next_12m_default_flag"": 0.00041254126699641347, ""next_12m_prepayment_flag"": 0.2646007239818573}",Prepaid,0.0016795040692145103,None,"[""n_hard_failures"", ""ever_modified"", ""ever_delinquent"", ""is_seasoned""]",Auto-Approve,0.9999997615814209
119959859488,"{""next_3m_delinquency_flag"": 0.004848815035074949, ""next_6m_delinquency_flag"": 0.004885133355855942, ""next_12m_default_flag"": 0.00041254126699641347, ""next_12m_prepayment_flag"": 0.2646007239818573}",Prepaid,0.0724516072107145,None,"[""high_balance_flag"", ""debt_burden""]",Auto-Approve,0.9999997615814209
119959859488,"{""next_3m_delinquency_flag"": 0.004848815035074949, ""next_6m_delinquency_flag"": 0.004885133355855942, ""next_12m_default_flag"": 0.00041254126699641347, ""next_12m_prepayment_flag"": 0.2646007239818573}",Prepaid,0.08301835895919453,None,"[""balance_reduction_ratio"", ""remaining_term_months"", ""debt_burden""]",Auto-Approve,0.9999998807907104
119998335733,"{""next_3m_delinquency_flag"": 0.004848815035074949, ""next_6m_delinquency_flag"": 0.004885133355855942, ""next_12m_default_flag"": 0.00041254126699641347, ""next_12m_prepayment_flag"": 0.2526881694793701}",Prepaid,0.07335030469586265,None,"[""first_time_buyer"", ""scheduled_principal""]",Auto-Approve,0.9999963045120239
119998335733,"{""next_3m_delinquency_flag"": 0.004848815035074949, ""next_6m_delinquency_flag"": 0.004885133355855942, ""next_12m_default_flag"": 0.00041254126699641347, ""next_12m_prepayment_flag"": 0.2526881694793701}",Prepaid,0.08005427150862078,None,"[""dpd_mean_12m"", ""months_since_modification""]",Auto-Approve,0.9999971389770508
119998335733,"{""next_3m_delinquency_flag"": 0.004848815035074949, ""next_6m_delinquency_flag"": 0.004885133355855942, ""next_12m_default_flag"": 0.00041254126699641347, ""next_12m_prepayment_flag"": 0.2646007239818573}",Prepaid,0.032994254440523854,None,"[""dpd_max_3m"", ""interest_rate"", ""dlqhist_x_ltv""]",Auto-Approve,0.9999979734420776
119998335733,"{""next_3m_delinquency_flag"": 0.004848815035074949, ""next_6m_delinquency_flag"": 0.004885133355855942, ""next_12m_default_flag"": 0.00041254126699641347, ""next_12m_prepayment_flag"": 0.2646007239818573}",Prepaid,0.03634378218557336,None,"[""balance_pct_change_1m"", ""modification_flag""]",Auto-Approve,0.9999984502792358
119998335733,"{""next_3m_delinquency_flag"": 0.004848815035074949, ""next_6m_delinquency_flag"": 0.004885133355855942, ""next_12m_default_flag"": 0.00041254126699641347, ""next_12m_prepayment_flag"": 0.2646007239818573}",Prepaid,0.06834186855397485,None,"[""homeready_flag"", ""ltv""]",Auto-Approve,0.9999988079071045
119998335733,"{""next_3m_delinquency_flag"": 0.004848815035074949, ""next_6m_delinquency_flag"": 0.004885133355855942, ""next_12m_default_flag"": 0.00041254126699641347, ""next_12m_prepayment_flag"": 0.2646007239818573}",Prepaid,0.0309979325572054,None,[],Auto-Approve,0.9999991655349731
119998335733,"{""next_3m_delinquency_flag"": 0.004848815035074949, ""next_6m_delinquency_flag"": 0.004885133355855942, ""next_12m_default_flag"": 0.00041254126699641347, ""next_12m_prepayment_flag"": 0.2646007239818573}",Prepaid,0.09580941170110847,None,"[""dlq_status_unreported"", ""rate_gap""]",Auto-Approve,0.9999994039535522
119998335733,"{""next_3m_delinquency_flag"": 0.004848815035074949, ""next_6m_delinquency_flag"": 0.004885133355855942, ""next_12m_default_flag"": 0.00041254126699641347, ""next_12m_prepayment_flag"": 0.2646007239818573}",Prepaid,0.014725037975102252,None,"[""amortisation_gap"", ""dpd_mean_3m""]",Auto-Approve,0.9999997615814209
119998335733,"{""next_3m_delinquency_flag"": 0.004848815035074949, ""next_6m_delinquency_flag"": 0.004885133355855942, ""next_12m_default_flag"": 0.00041254126699641347, ""next_12m_prepayment_flag"": 0.2646007239818573}",Prepaid,0.09084527681471447,None,[],Auto-Approve,0.9999996423721313
119998335733,"{""next_3m_delinquency_flag"": 0.004848815035074949, ""next_6m_delinquency_flag"": 0.004885133355855942, ""next_12m_default_flag"": 0.00041254126699641347, ""next_12m_prepayment_flag"": 0.2646007239818573}",Prepaid,0.09383306065607887,None,"[""forbearance_flag"", ""scheduled_principal"", ""days_past_due""]",Auto-Approve,0.9999997615814209
119998335733,"{""next_3m_delinquency_flag"": 0.004848815035074949, ""next_6m_delinquency_flag"": 0.004885133355855942, ""next_12m_default_flag"": 0.00041254126699641347, ""next_12m_prepayment_flag"": 0.2646007239818573}",Prepaid,0.05963163743930921,None,"[""dpd_mean_3m""]",Auto-Approve,0.9999997615814209
119998335733,"{""next_3m_delinquency_flag"": 0.004848815035074949, ""next_6m_delinquency_flag"": 0.004885133355855942, ""next_12m_default_flag"": 0.00041254126699641347, ""next_12m_prepayment_flag"": 0.2646007239818573}",Prepaid,0.09278036366157029,None,"[""credit_x_ltv"", ""balance_delta_3m"", ""credit_score"", ""amortisation_gap"", ""mi_pct""]",Auto-Approve,0.9999998807907104
120106099300,"{""next_3m_delinquency_flag"": 0.004848815035074949, ""next_6m_delinquency_flag"": 0.004885133355855942, ""next_12m_default_flag"": 0.00041254126699641347, ""next_12m_prepayment_flag"": 0.2646007239818573}",Prepaid,0.04731681220804101,None,"[""dpd_mean_6m"", ""loan_utilization"", ""n_hard_failures""]",Auto-Approve,0.9999960660934448
120106099300,"{""next_3m_delinquency_flag"": 0.004848815035074949, ""next_6m_delinquency_flag"": 0.004885133355855942, ""next_12m_default_flag"": 0.00041254126699641347, ""next_12m_prepayment_flag"": 0.2646007239818573}",Prepaid,0.09827844102385166,None,"[""delinquent_months_6m"", ""subprime_flag""]",Auto-Approve,0.9999970197677612
120106099300,"{""next_3m_delinquency_flag"": 0.004848815035074949, ""next_6m_delinquency_flag"": 0.004885133355855942, ""next_12m_default_flag"": 0.00041254126699641347, ""next_12m_prepayment_flag"": 0.2646007239818573}",Prepaid,0.00018175517980488777,None,"[""dlq_months"", ""dlqhist_x_ltv"", ""credit_x_ltv"", ""scheduled_principal""]",Auto-Approve,0.9999977350234985
120106099300,"{""next_3m_delinquency_flag"": 0.004848815035074949, ""next_6m_delinquency_flag"": 0.004885133355855942, ""next_12m_default_flag"": 0.00041254126699641347, ""next_12m_prepayment_flag"": 0.2646007239818573}",Prepaid,0.0051815351929152325,None,"[""cum_missed_payments"", ""amortgap_x_rate"", ""month_index"", ""dpd_delta_1m""]",Auto-Approve,0.9999983310699463
120106099300,"{""next_3m_delinquency_flag"": 0.004848815035074949, ""next_6m_delinquency_flag"": 0.004885133355855942, ""next_12m_default_flag"": 0.00041254126699641347, ""next_12m_prepayment_flag"": 0.2646007239818573}",Prepaid,0.04193365226595596,None,"[""dpd_mean_3m"", ""n_hard_failures"", ""rate_gap"", ""vintage_quarter""]",Auto-Approve,0.9999986886978149
120106099300,"{""next_3m_delinquency_flag"": 0.004848815035074949, ""next_6m_delinquency_flag"": 0.004885133355855942, ""next_12m_default_flag"": 0.00041254126699641347, ""next_12m_prepayment_flag"": 0.2646007239818573}",Prepaid,0.0825609048645032,None,"[""high_dti_flag"", ""vintage_quarter""]",Auto-Approve,0.9999990463256836
120106099300,"{""next_3m_delinquency_flag"": 0.004848815035074949, ""next_6m_delinquency_flag"": 0.004885133355855942, ""next_12m_default_flag"": 0.00041254126699641347, ""next_12m_prepayment_flag"": 0.2646007239818573}",Prepaid,0.04957258689101623,None,"[""ever_forbearance"", ""num_units"", ""delinquent_months_6m""]",Auto-Approve,0.9999992847442627
120106099300,"{""next_3m_delinquency_flag"": 0.004848815035074949, ""next_6m_delinquency_flag"": 0.004885133355855942, ""next_12m_default_flag"": 0.00041254126699641347, ""next_12m_prepayment_flag"": 0.2646007239818573}",Prepaid,0.07390278513380755,None,"[""forbearance_months"", ""equity_cushion"", ""dpd_mean_6m""]",Auto-Approve,0.9999994039535522
120106099300,"{""next_3m_delinquency_flag"": 0.004848815035074949, ""next_6m_delinquency_flag"": 0.004885133355855942, ""next_12m_default_flag"": 0.00041254126699641347, ""next_12m_prepayment_flag"": 0.2646007239818573}",Prepaid,0.03671685175259004,None,"[""scheduled_principal"", ""dlq_status_unreported""]",Auto-Approve,0.9999995231628418
120106099300,"{""next_3m_delinquency_flag"": 0.004848815035074949, ""next_6m_delinquency_flag"": 0.004885133355855942, ""next_12m_default_flag"": 0.00041254126699641347, ""next_12m_prepayment_flag"": 0.2646007239818573}",Prepaid,0.046757693488714704,None,"[""credit_risk_score"", ""forbearance_months""]",Auto-Approve,0.9999996423721313
120106099300,"{""next_3m_delinquency_flag"": 0.004848815035074949, ""next_6m_delinquency_flag"": 0.004885133355855942, ""next_12m_default_flag"": 0.00041254126699641347, ""next_12m_prepayment_flag"": 0.2646007239818573}",Prepaid,0.0624110989372289,None,"[""current_balance"", ""dlq_status_unreported"", ""num_borrowers"", ""ever_modified""]",Auto-Approve,0.9999997615814209
120106099300,"{""next_3m_delinquency_flag"": 0.004848815035074949, ""next_6m_delinquency_flag"": 0.004885133355855942, ""next_12m_default_flag"": 0.00041254126699641347, ""next_12m_prepayment_flag"": 0.2646007239818573}",Prepaid,0.05936612610495661,None,"[""dpd_mean_3m"", ""month_index""]",Auto-Approve,0.9999997615814209
120625985375,"{""next_3m_delinquency_flag"": 0.004848815035074949, ""next_6m_delinquency_flag"": 0.004885133355855942, ""next_12m_default_flag"": 0.00041254126699641347, ""next_12m_prepayment_flag"": 0.2526881694793701}",Prepaid,0.00047323849212354,None,"[""term_elapsed_pct"", ""dti_x_rate"", ""deferred_balance_pct""]",Auto-Approve,0.9999967813491821
120625985375,"{""next_3m_delinquency_flag"": 0.004848815035074949, ""next_6m_delinquency_flag"": 0.004885133355855942, ""next_12m_default_flag"": 0.00041254126699641347, ""next_12m_prepayment_flag"": 0.2526881694793701}",Prepaid,0.013861148631512256,None,[],Auto-Approve,0.999997615814209
120625985375,"{""next_3m_delinquency_flag"": 0.004848815035074949, ""next_6m_delinquency_flag"": 0.004885133355855942, ""next_12m_default_flag"": 0.00041254126699641347, ""next_12m_prepayment_flag"": 0.2646007239818573}",Prepaid,0.08727458116161095,None,"[""debt_burden"", ""interest_rate""]",Auto-Approve,0.9999982118606567
120625985375,"{""next_3m_delinquency_flag"": 0.004848815035074949, ""next_6m_delinquency_flag"": 0.004885133355855942, ""next_12m_default_flag"": 0.00041254126699641347, ""next_12m_prepayment_flag"": 0.2646007239818573}",Prepaid,0.040485551173498696,None,"[""dpd_max_3m"", ""dpd_lag_3"", ""balance_pct_change_1m"", ""non_interest_bearing_upb"", ""remaining_term_months""]",Auto-Approve,0.9999986886978149
120625985375,"{""next_3m_delinquency_flag"": 0.004848815035074949, ""next_6m_delinquency_flag"": 0.004885133355855942, ""next_12m_default_flag"": 0.00041254126699641347, ""next_12m_prepayment_flag"": 0.2646007239818573}",Prepaid,0.07258523875447812,None,"[""term_elapsed_pct"", ""balance_reduction_ratio"", ""forbearance_months""]",Auto-Approve,0.9999990463256836
120625985375,"{""next_3m_delinquency_flag"": 0.004848815035074949, ""next_6m_delinquency_flag"": 0.004885133355855942, ""next_12m_default_flag"": 0.00041254126699641347, ""next_12m_prepayment_flag"": 0.2646007239818573}",Prepaid,0.09159735046963734,None,"[""n_soft_failures"", ""delinquent_months_3m"", ""remaining_balance_pct""]",Auto-Approve,0.9999992847442627
120625985375,"{""next_3m_delinquency_flag"": 0.004848815035074949, ""next_6m_delinquency_flag"": 0.004885133355855942, ""next_12m_default_flag"": 0.00041254126699641347, ""next_12m_prepayment_flag"": 0.2646007239818573}",Prepaid,0.06466445088652958,None,"[""ever_delinquent"", ""current_interest_rate"", ""amortgap_x_rate""]",Auto-Approve,0.9999994039535522
120625985375,"{""next_3m_delinquency_flag"": 0.004848815035074949, ""next_6m_delinquency_flag"": 0.004885133355855942, ""next_12m_default_flag"": 0.00041254126699641347, ""next_12m_prepayment_flag"": 0.2646007239818573}",Prepaid,0.00029400614103467507,None,"[""principal_forgiveness""]",Auto-Approve,0.9999996423721313
120625985375,"{""next_3m_delinquency_flag"": 0.004848815035074949, ""next_6m_delinquency_flag"": 0.004885133355855942, ""next_12m_default_flag"": 0.00041254126699641347, ""next_12m_prepayment_flag"": 0.2646007239818573}",Prepaid,0.006244829176936407,None,"[""principal_forgiveness"", ""dlqhist_x_ltv"", ""remaining_term_months""]",Auto-Approve,0.9999996423721313
120625985375,"{""next_3m_delinquency_flag"": 0.004848815035074949, ""next_6m_delinquency_flag"": 0.004885133355855942, ""next_12m_default_flag"": 0.00041254126699641347, ""next_12m_prepayment_flag"": 0.2646007239818573}",Prepaid,0.03785650915618304,None,"[""delinquent_months_3m"", ""first_time_buyer"", ""non_interest_bearing_upb""]",Auto-Approve,0.9999997615814209
120625985375,"{""next_3m_delinquency_flag"": 0.004848815035074949, ""next_6m_delinquency_flag"": 0.004885133355855942, ""next_12m_default_flag"": 0.00041254126699641347, ""next_12m_prepayment_flag"": 0.2646007239818573}",Prepaid,0.05931743398419664,None,"[""ever_delinquent"", ""mi_pct"", ""high_dti_flag"", ""current_interest_rate""]",Auto-Approve,0.9999998807907104
120625985375,"{""next_3m_delinquency_flag"": 0.004848815035074949, ""next_6m_delinquency_flag"": 0.004885133355855942, ""next_12m_default_flag"": 0.00041254126699641347, ""next_12m_prepayment_flag"": 0.2646007239818573}",Prepaid,0.03629226208382227,None,"[""remaining_balance_pct"", ""balance_delta_3m"", ""delinquent_months_12m""]",Auto-Approve,0.9999998807907104
120633700034,"{""next_3m_delinquency_flag"": 0.004848815035074949, ""next_6m_delinquency_flag"": 0.004885133355855942, ""next_12m_default_flag"": 0.00041254126699641347, ""next_12m_prepayment_flag"": 0.2646007239818573}",Prepaid,0.05533089741732949,None,"[""forbearance_months"", ""amortisation_gap"", ""co_borrower_credit_score""]",Auto-Approve,0.999983549118042
120633700034,"{""next_3m_delinquency_flag"": 0.004848815035074949, ""next_6m_delinquency_flag"": 0.004885133355855942, ""next_12m_default_flag"": 0.00041254126699641347, ""next_12m_prepayment_flag"": 0.2646007239818573}",Prepaid,0.04038609025958705,None,"[""original_term_months"", ""dpd_mean_6m""]",Auto-Approve,0.999987006187439
120633700034,"{""next_3m_delinquency_flag"": 0.004848815035074949, ""next_6m_delinquency_flag"": 0.004885133355855942, ""next_12m_default_flag"": 0.00041254126699641347, ""next_12m_prepayment_flag"": 0.2646007239818573}",Prepaid,0.09874530826086592,None,"[""dpd_mean_3m"", ""balance_imputed""]",Auto-Approve,0.9999897480010986
120633700034,"{""next_3m_delinquency_flag"": 0.004848815035074949, ""next_6m_delinquency_flag"": 0.004885133355855942, ""next_12m_default_flag"": 0.00041254126699641347, ""next_12m_prepayment_flag"": 0.2646007239818573}",Prepaid,0.0889890360820086,None,"[""deferred_balance_pct"", ""credit_x_ltv""]",Auto-Approve,0.9999918937683105
120633700034,"{""next_3m_delinquency_flag"": 0.004848815035074949, ""next_6m_delinquency_flag"": 0.004885133355855942, ""next_12m_default_flag"": 0.00041254126699641347, ""next_12m_prepayment_flag"": 0.2646007239818573}",Prepaid,0.048593296471216164,None,"[""dpd_mean_6m"", ""days_past_due"", ""delinquent_months_3m""]",Auto-Approve,0.9999935626983643
120633700034,"{""next_3m_delinquency_flag"": 0.004848815035074949, ""next_6m_delinquency_flag"": 0.004885133355855942, ""next_12m_default_flag"": 0.00041254126699641347, ""next_12m_prepayment_flag"": 0.2646007239818573}",Prepaid,0.03432366768942962,None,"[""dpd_mean_3m"", ""credit_x_ltv"", ""is_seasoned""]",Auto-Approve,0.9999948740005493
120633700034,"{""next_3m_delinquency_flag"": 0.004848815035074949, ""next_6m_delinquency_flag"": 0.004885133355855942, ""next_12m_default_flag"": 0.00041254126699641347, ""next_12m_prepayment_flag"": 0.2646007239818573}",Prepaid,0.028956184124633546,None,"[""remaining_term_months"", ""scheduled_principal""]",Auto-Approve,0.9999959468841553
120633700034,"{""next_3m_delinquency_flag"": 0.004848815035074949, ""next_6m_delinquency_flag"": 0.004885133355855942, ""next_12m_default_flag"": 0.00041254126699641347, ""next_12m_prepayment_flag"": 0.2646007239818573}",Prepaid,0.04107757981890146,None,"[""dpd_lag_1"", ""ltv"", ""months_since_modification""]",Auto-Approve,0.9999967813491821
120633700034,"{""next_3m_delinquency_flag"": 0.004848815035074949, ""next_6m_delinquency_flag"": 0.004885133355855942, ""next_12m_default_flag"": 0.00041254126699641347, ""next_12m_prepayment_flag"": 0.2646007239818573}",Prepaid,0.05540041689133782,None,"[""days_past_due"", ""current_balance""]",Auto-Approve,0.9999974966049194
120633700034,"{""next_3m_delinquency_flag"": 0.004848815035074949, ""next_6m_delinquency_flag"": 0.004885133355855942, ""next_12m_default_flag"": 0.00041254126699641347, ""next_12m_prepayment_flag"": 0.2646007239818573}",Prepaid,0.030176009577120258,None,"[""num_borrowers"", ""term_elapsed_pct""]",Auto-Approve,0.9999979734420776
120633700034,"{""next_3m_delinquency_flag"": 0.004848815035074949, ""next_6m_delinquency_flag"": 0.004885133355855942, ""next_12m_default_flag"": 0.00041254126699641347, ""next_12m_prepayment_flag"": 0.2646007239818573}",Prepaid,0.05633498455800913,None,"[""credit_score"", ""current_balance"", ""high_dti_flag""]",Auto-Approve,0.9999983310699463
120633700034,"{""next_3m_delinquency_flag"": 0.004848815035074949, ""next_6m_delinquency_flag"": 0.004885133355855942, ""next_12m_default_flag"": 0.00041254126699641347, ""next_12m_prepayment_flag"": 0.2646007239818573}",Prepaid,0.06632613963814181,None,"[""term_elapsed_pct"", ""rate_gap""]",Auto-Approve,0.9999986886978149
120857285412,"{""next_3m_delinquency_flag"": 0.004848815035074949, ""next_6m_delinquency_flag"": 0.004885133355855942, ""next_12m_default_flag"": 0.00041254126699641347, ""next_12m_prepayment_flag"": 0.2646007239818573}",Prepaid,0.09990356646167825,None,"[""cum_delinquent_months""]",Auto-Approve,0.9999390840530396
120857285412,"{""next_3m_delinquency_flag"": 0.004848815035074949, ""next_6m_delinquency_flag"": 0.004885133355855942, ""next_12m_default_flag"": 0.00041254126699641347, ""next_12m_prepayment_flag"": 0.2646007239818573}",Prepaid,0.052896714320556676,None,"[""n_hard_failures""]",Auto-Approve,0.9999593496322632
120857285412,"{""next_3m_delinquency_flag"": 0.004848815035074949, ""next_6m_delinquency_flag"": 0.004885133355855942, ""next_12m_default_flag"": 0.00041254126699641347, ""next_12m_prepayment_flag"": 0.2646007239818573}",Prepaid,0.09523980576316654,None,"[""current_interest_rate"", ""subprime_flag"", ""ltv"", ""loan_age_risk""]",Auto-Approve,0.9999732971191406
120857285412,"{""next_3m_delinquency_flag"": 0.004848815035074949, ""next_6m_delinquency_flag"": 0.004885133355855942, ""next_12m_default_flag"": 0.00041254126699641347, ""next_12m_prepayment_flag"": 0.10113741457462311}",Prepaid,0.010361710714515394,None,"[""mi_pct""]",Auto-Approve,1.0
121250515967,"{""next_3m_delinquency_flag"": 0.42152467370033264, ""next_6m_delinquency_flag"": 0.03693045675754547, ""next_12m_default_flag"": 0.00041254126699641347, ""next_12m_prepayment_flag"": 0.17945824563503265}",Prepaid,0.0440956382165548,None,[],Auto-Approve,0.9967678785324097
121250515967,"{""next_3m_delinquency_flag"": 0.42152467370033264, ""next_6m_delinquency_flag"": 0.03693045675754547, ""next_12m_default_flag"": 0.00041254126699641347, ""next_12m_prepayment_flag"": 0.17945824563503265}",Prepaid,0.03536978223330585,None,"[""balance_delta_1m"", ""delinquent_months_12m""]",Auto-Approve,0.9867543578147888
121250515967,"{""next_3m_delinquency_flag"": 0.42152467370033264, ""next_6m_delinquency_flag"": 0.03991881012916565, ""next_12m_default_flag"": 0.00041254126699641347, ""next_12m_prepayment_flag"": 0.182036891579628}",Prepaid,0.012685507132065578,None,[],Auto-Approve,0.9473601579666138
121250515967,"{""next_3m_delinquency_flag"": 0.42152467370033264, ""next_6m_delinquency_flag"": 0.03991881012916565, ""next_12m_default_flag"": 0.00041254126699641347, ""next_12m_prepayment_flag"": 0.19356708228588104}",Prepaid,0.08456946958779485,None,"[""dpd_lag_3""]",Auto-Approve,0.8130172491073608
121250515967,"{""next_3m_delinquency_flag"": 0.42152467370033264, ""next_6m_delinquency_flag"": 0.05220228433609009, ""next_12m_default_flag"": 0.00041254126699641347, ""next_12m_prepayment_flag"": 0.19356708228588104}",Prepaid,0.030638450426597387,None,"[""cum_delinquent_months"", ""loan_age_months"", ""days_past_due""]",Auto-Approve,0.5123370289802551
121250515967,"{""next_3m_delinquency_flag"": 0.42424243688583374, ""next_6m_delinquency_flag"": 0.0625, ""next_12m_default_flag"": 0.00041254126699641347, ""next_12m_prepayment_flag"": 0.19356708228588104}",Delinquent,0.09867062201215412,None,"[""num_borrowers"", ""dti_x_rate"", ""delinquent_months_6m"", ""dlqhist_x_ltv""]",Auto-Approve,0.7903615236282349
121250515967,"{""next_3m_delinquency_flag"": 0.42424243688583374, ""next_6m_delinquency_flag"": 0.05220228433609009, ""next_12m_default_flag"": 0.00041254126699641347, ""next_12m_prepayment_flag"": 0.19356708228588104}",Delinquent,0.023890416127249917,None,"[""loan_age_months"", ""ever_modified""]",Auto-Approve,0.5862131118774414
121250515967,"{""next_3m_delinquency_flag"": 0.42152467370033264, ""next_6m_delinquency_flag"": 0.03991881012916565, ""next_12m_default_flag"": 0.00041254126699641347, ""next_12m_prepayment_flag"": 0.19356708228588104}",Prepaid,0.01263576185163844,None,"[""current_balance"", ""mi_pct"", ""dpd_mean_6m"", ""subprime_flag""]",Auto-Approve,0.6548059582710266
121250515967,"{""next_3m_delinquency_flag"": 0.7032257914543152, ""next_6m_delinquency_flag"": 0.24193547666072845, ""next_12m_default_flag"": 0.00041254126699641347, ""next_12m_prepayment_flag"": 0.17945824563503265}",Prepaid,0.09027334426693008,None,"[""loan_utilization"", ""rate_gap"", ""amortgap_x_rate""]",Auto-Approve,0.8246095776557922
121250515967,"{""next_3m_delinquency_flag"": 0.42152467370033264, ""next_6m_delinquency_flag"": 0.03693045675754547, ""next_12m_default_flag"": 0.00041254126699641347, ""next_12m_prepayment_flag"": 0.19356708228588104}",Prepaid,0.0955864999567245,None,"[""dti_x_rate"", ""high_dti_flag"", ""principal_forgiveness""]",Auto-Approve,0.8566113114356995
121250515967,"{""next_3m_delinquency_flag"": 0.42152467370033264, ""next_6m_delinquency_flag"": 0.035335689783096313, ""next_12m_default_flag"": 0.00041254126699641347, ""next_12m_prepayment_flag"": 0.182036891579628}",Prepaid,0.09130216110526229,None,"[""subprime_flag"", ""forbearance_months"", ""balance_unrecoverable""]",Auto-Approve,0.9699373841285706
121250515967,"{""next_3m_delinquency_flag"": 0.42424243688583374, ""next_6m_delinquency_flag"": 0.035335689783096313, ""next_12m_default_flag"": 0.00041254126699641347, ""next_12m_prepayment_flag"": 0.19356708228588104}",Prepaid,0.08886851647162464,None,"[""remaining_balance_pct"", ""interest_rate"", ""deferred_balance_pct"", ""rate_gap""]",Auto-Approve,0.8533477187156677
121283666120,"{""next_3m_delinquency_flag"": 0.004848815035074949, ""next_6m_delinquency_flag"": 0.004885133355855942, ""next_12m_default_flag"": 0.00041254126699641347, ""next_12m_prepayment_flag"": 0.182036891579628}",Prepaid,0.02600960026804147,None,"[""interest_rate"", ""num_units"", ""deferred_balance_pct"", ""credit_risk_score""]",Auto-Approve,0.9999915361404419
121283666120,"{""next_3m_delinquency_flag"": 0.004848815035074949, ""next_6m_delinquency_flag"": 0.004885133355855942, ""next_12m_default_flag"": 0.00041254126699641347, ""next_12m_prepayment_flag"": 0.182036891579628}",Prepaid,0.03305105370210503,None,"[""modification_flag"", ""term_elapsed_pct"", ""original_balance"", ""homeready_flag""]",Auto-Approve,0.9999935626983643
121283666120,"{""next_3m_delinquency_flag"": 0.004848815035074949, ""next_6m_delinquency_flag"": 0.004885133355855942, ""next_12m_default_flag"": 0.00041254126699641347, ""next_12m_prepayment_flag"": 0.19356708228588104}",Prepaid,0.02881599310069437,None,"[""subprime_flag"", ""homeready_flag"", ""delinquent_months_6m""]",Auto-Approve,0.9999951124191284
121283666120,"{""next_3m_delinquency_flag"": 0.004848815035074949, ""next_6m_delinquency_flag"": 0.004885133355855942, ""next_12m_default_flag"": 0.00041254126699641347, ""next_12m_prepayment_flag"": 0.19356708228588104}",Prepaid,0.07790780399239988,None,"[""dti""]",Auto-Approve,0.9999963045120239
121283666120,"{""next_3m_delinquency_flag"": 0.004848815035074949, ""next_6m_delinquency_flag"": 0.004885133355855942, ""next_12m_default_flag"": 0.00041254126699641347, ""next_12m_prepayment_flag"": 0.19356708228588104}",Prepaid,0.07300531153180045,None,[],Auto-Approve,0.9999971389770508
121283666120,"{""next_3m_delinquency_flag"": 0.004848815035074949, ""next_6m_delinquency_flag"": 0.004885133355855942, ""next_12m_default_flag"": 0.00041254126699641347, ""next_12m_prepayment_flag"": 0.19356708228588104}",Prepaid,0.053088040479261356,None,"[""credit_x_dti"", ""dpd_delta_1m"", ""scheduled_principal"", ""homeready_flag""]",Auto-Approve,0.9999978542327881
121283666120,"{""next_3m_delinquency_flag"": 0.004848815035074949, ""next_6m_delinquency_flag"": 0.004885133355855942, ""next_12m_default_flag"": 0.00041254126699641347, ""next_12m_prepayment_flag"": 0.19356708228588104}",Prepaid,0.07732439319413045,None,"[""deferred_balance_pct"", ""modification_flag"", ""loan_age_risk""]",Auto-Approve,0.9999983310699463
121283666120,"{""next_3m_delinquency_flag"": 0.004848815035074949, ""next_6m_delinquency_flag"": 0.004885133355855942, ""next_12m_default_flag"": 0.00041254126699641347, ""next_12m_prepayment_flag"": 0.19356708228588104}",Prepaid,0.042982463069611426,None,"[""ever_forbearance"", ""debt_burden""]",Auto-Approve,0.9999988079071045
121283666120,"{""next_3m_delinquency_flag"": 0.004848815035074949, ""next_6m_delinquency_flag"": 0.004885133355855942, ""next_12m_default_flag"": 0.00041254126699641347, ""next_12m_prepayment_flag"": 0.19356708228588104}",Prepaid,0.049820262894339544,None,"[""dpd_lag_3"", ""combined_ltv""]",Auto-Approve,0.9999990463256836
121283666120,"{""next_3m_delinquency_flag"": 0.004848815035074949, ""next_6m_delinquency_flag"": 0.004885133355855942, ""next_12m_default_flag"": 0.00041254126699641347, ""next_12m_prepayment_flag"": 0.20720720291137695}",Prepaid,0.0898536646482214,None,"[""credit_x_dti""]",Auto-Approve,0.9999992847442627
121283666120,"{""next_3m_delinquency_flag"": 0.004848815035074949, ""next_6m_delinquency_flag"": 0.004885133355855942, ""next_12m_default_flag"": 0.00041254126699641347, ""next_12m_prepayment_flag"": 0.20720720291137695}",Prepaid,0.06763180479268162,None,"[""high_dti_flag"", ""ever_delinquent"", ""balance_pct_change_1m"", ""cum_missed_payments""]",Auto-Approve,0.9999994039535522
121283666120,"{""next_3m_delinquency_flag"": 0.004848815035074949, ""next_6m_delinquency_flag"": 0.004885133355855942, ""next_12m_default_flag"": 0.00041254126699641347, ""next_12m_prepayment_flag"": 0.2361111044883728}",Prepaid,0.09479488072826969,None,"[""balance_imputed"", ""co_borrower_credit_score""]",Auto-Approve,0.9999995231628418
121451191116,"{""next_3m_delinquency_flag"": 0.004848815035074949, ""next_6m_delinquency_flag"": 0.004885133355855942, ""next_12m_default_flag"": 0.00041254126699641347, ""next_12m_prepayment_flag"": 0.2646007239818573}",Prepaid,0.02756903699603587,None,"[""loan_age_risk""]",Auto-Approve,0.9998540878295898
121451191116,"{""next_3m_delinquency_flag"": 0.004848815035074949, ""next_6m_delinquency_flag"": 0.004885133355855942, ""next_12m_default_flag"": 0.00041254126699641347, ""next_12m_prepayment_flag"": 0.2646007239818573}",Prepaid,0.05116590871048652,None,"[""interest_rate"", ""month_index"", ""dpd_mean_3m""]",Auto-Approve,0.9999040365219116
121451191116,"{""next_3m_delinquency_flag"": 0.004848815035074949, ""next_6m_delinquency_flag"": 0.004885133355855942, ""next_12m_default_flag"": 0.00041254126699641347, ""next_12m_prepayment_flag"": 0.2646007239818573}",Prepaid,0.05996455099379543,None,"[""high_ltv_flag"", ""num_units"", ""is_seasoned""]",Auto-Approve,0.9999368190765381
121451191116,"{""next_3m_delinquency_flag"": 0.004848815035074949, ""next_6m_delinquency_flag"": 0.004885133355855942, ""next_12m_default_flag"": 0.00041254126699641347, ""next_12m_prepayment_flag"": 0.2646007239818573}",Prepaid,0.005364614739843777,None,[],Auto-Approve,0.9999583959579468
121451191116,"{""next_3m_delinquency_flag"": 0.004848815035074949, ""next_6m_delinquency_flag"": 0.004885133355855942, ""next_12m_default_flag"": 0.00041254126699641347, ""next_12m_prepayment_flag"": 0.2646007239818573}",Prepaid,0.016724393790610182,None,"[""dpd_mean_12m"", ""high_dti_flag"", ""dpd_max_12m"", ""vintage_year""]",Auto-Approve,0.9999727010726929
121451191116,"{""next_3m_delinquency_flag"": 0.004848815035074949, ""next_6m_delinquency_flag"": 0.004885133355855942, ""next_12m_default_flag"": 0.00041254126699641347, ""next_12m_prepayment_flag"": 0.2646007239818573}",Prepaid,0.07062687439120258,None,"[""remaining_balance_pct"", ""interest_rate""]",Auto-Approve,0.9999819993972778
121451191116,"{""next_3m_delinquency_flag"": 0.004848815035074949, ""next_6m_delinquency_flag"": 0.004885133355855942, ""next_12m_default_flag"": 0.00041254126699641347, ""next_12m_prepayment_flag"": 0.2646007239818573}",Prepaid,0.08628247479995027,None,"[""high_balance_flag"", ""dpd_lag_3"", ""balance_pct_change_1m""]",Auto-Approve,0.9999881982803345
121451191116,"{""next_3m_delinquency_flag"": 0.004848815035074949, ""next_6m_delinquency_flag"": 0.004885133355855942, ""next_12m_default_flag"": 0.00041254126699641347, ""next_12m_prepayment_flag"": 0.2646007239818573}",Prepaid,0.09323060540128214,None,"[""balance_imputed"", ""loan_age_months""]",Auto-Approve,0.9999922513961792
121451191116,"{""next_3m_delinquency_flag"": 0.004848815035074949, ""next_6m_delinquency_flag"": 0.004885133355855942, ""next_12m_default_flag"": 0.00041254126699641347, ""next_12m_prepayment_flag"": 0.2646007239818573}",Prepaid,0.0966586194610808,None,"[""credit_score"", ""dlqhist_x_ltv""]",Auto-Approve,0.9999948740005493
121451191116,"{""next_3m_delinquency_flag"": 0.004848815035074949, ""next_6m_delinquency_flag"": 0.004885133355855942, ""next_12m_default_flag"": 0.00041254126699641347, ""next_12m_prepayment_flag"": 0.2646007239818573}",Prepaid,0.022068378944947665,None,"[""credit_score"", ""principal_forgiveness""]",Auto-Approve,0.9999966621398926
121451191116,"{""next_3m_delinquency_flag"": 0.004848815035074949, ""next_6m_delinquency_flag"": 0.004885133355855942, ""next_12m_default_flag"": 0.00041254126699641347, ""next_12m_prepayment_flag"": 0.2646007239818573}",Prepaid,0.006228183460958304,None,"[""equity_cushion"", ""high_ltv_flag"", ""dpd_mean_3m""]",Auto-Approve,0.9999977350234985
121451191116,"{""next_3m_delinquency_flag"": 0.004848815035074949, ""next_6m_delinquency_flag"": 0.004885133355855942, ""next_12m_default_flag"": 0.00041254126699641347, ""next_12m_prepayment_flag"": 0.2646007239818573}",Prepaid,0.07055810290817026,None,"[""current_balance"", ""delinquent_months_6m"", ""subprime_flag"", ""high_dti_flag""]",Auto-Approve,0.9999985694885254
121605987120,"{""next_3m_delinquency_flag"": 0.061403509229421616, ""next_6m_delinquency_flag"": 0.004885133355855942, ""next_12m_default_flag"": 0.00041254126699641347, ""next_12m_prepayment_flag"": 0.2646007239818573}",Delinquent,0.04023565991006828,None,"[""days_past_due"", ""credit_risk_score"", ""interest_rate""]",Auto-Approve,0.9683807492256165
121605987120,"{""next_3m_delinquency_flag"": 0.061403509229421616, ""next_6m_delinquency_flag"": 0.004885133355855942, ""next_12m_default_flag"": 0.00041254126699641347, ""next_12m_prepayment_flag"": 0.2646007239818573}",Delinquent,0.033766435528607766,None,"[""balance_delta_3m""]",Auto-Approve,0.9657729268074036
121605987120,"{""next_3m_delinquency_flag"": 0.061403509229421616, ""next_6m_delinquency_flag"": 0.004885133355855942, ""next_12m_default_flag"": 0.00041254126699641347, ""next_12m_prepayment_flag"": 0.2646007239818573}",Delinquent,0.006012230327830681,None,"[""dpd_max_6m"", ""cum_delinquent_months""]",Auto-Approve,0.9629377126693726
121605987120,"{""next_3m_delinquency_flag"": 0.03234880417585373, ""next_6m_delinquency_flag"": 0.004885133355855942, ""next_12m_default_flag"": 0.00041254126699641347, ""next_12m_prepayment_flag"": 0.2646007239818573}",Delinquent,0.08352482871195077,None,[],Auto-Approve,0.9599037766456604
121605987120,"{""next_3m_delinquency_flag"": 0.03234880417585373, ""next_6m_delinquency_flag"": 0.004885133355855942, ""next_12m_default_flag"": 0.00041254126699641347, ""next_12m_prepayment_flag"": 0.2646007239818573}",Delinquent,0.020189678338708494,None,"[""balance_delta_1m"", ""balance_reduction_ratio""]",Auto-Approve,0.956747829914093
121605987120,"{""next_3m_delinquency_flag"": 0.03234880417585373, ""next_6m_delinquency_flag"": 0.004885133355855942, ""next_12m_default_flag"": 0.00041254126699641347, ""next_12m_prepayment_flag"": 0.2646007239818573}",Delinquent,0.030454078562917875,None,"[""rate_gap"", ""dpd_lag_1"", ""dpd_max_12m"", ""mi_pct"", ""delinquent_months_3m""]",Auto-Approve,0.9531847238540649
121605987120,"{""next_3m_delinquency_flag"": 0.03234880417585373, ""next_6m_delinquency_flag"": 0.004885133355855942, ""next_12m_default_flag"": 0.00041254126699641347, ""next_12m_prepayment_flag"": 0.2646007239818573}",Delinquent,0.03157697067822681,None,"[""high_dti_flag"", ""delinquent_months_6m""]",Auto-Approve,0.9493734836578369
121605987120,"{""next_3m_delinquency_flag"": 0.03234880417585373, ""next_6m_delinquency_flag"": 0.004885133355855942, ""next_12m_default_flag"": 0.00041254126699641347, ""next_12m_prepayment_flag"": 0.2646007239818573}",Delinquent,0.05745576173291194,None,"[""subprime_flag"", ""dlq_status_unreported"", ""amortgap_x_rate""]",Auto-Approve,0.9452016353607178
121605987120,"{""next_3m_delinquency_flag"": 0.03078450821340084, ""next_6m_delinquency_flag"": 0.004885133355855942, ""next_12m_default_flag"": 0.00041254126699641347, ""next_12m_prepayment_flag"": 0.2646007239818573}",Delinquent,0.06976464491743728,None,"[""principal_forgiveness"", ""balance_delta_3m"", ""months_since_modification"", ""equity_cushion"", ""dpd_mean_6m""]",Auto-Approve,0.9407752752304077
121605987120,"{""next_3m_delinquency_flag"": 0.4000000059604645, ""next_6m_delinquency_flag"": 0.004885133355855942, ""next_12m_default_flag"": 0.00041254126699641347, ""next_12m_prepayment_flag"": 0.2646007239818573}",Delinquent,0.06665600713013739,None,"[""modification_flag""]",Auto-Approve,0.9990021586418152
121605987120,"{""next_3m_delinquency_flag"": 0.42152467370033264, ""next_6m_delinquency_flag"": 0.004885133355855942, ""next_12m_default_flag"": 0.00041254126699641347, ""next_12m_prepayment_flag"": 0.2646007239818573}",Delinquent,0.09142426339642562,None,"[""subprime_flag"", ""dpd_mean_12m"", ""vintage_year""]",Auto-Approve,0.9994193315505981
121605987120,"{""next_3m_delinquency_flag"": 0.42152467370033264, ""next_6m_delinquency_flag"": 0.004885133355855942, ""next_12m_default_flag"": 0.00041254126699641347, ""next_12m_prepayment_flag"": 0.2646007239818573}",Delinquent,0.07915235771949732,None,"[""original_term_months"", ""ever_modified""]",Auto-Approve,0.9991719722747803
122503670962,"{""next_3m_delinquency_flag"": 0.004848815035074949, ""next_6m_delinquency_flag"": 0.004885133355855942, ""next_12m_default_flag"": 0.00041254126699641347, ""next_12m_prepayment_flag"": 0.2646007239818573}",Prepaid,0.017778637407359365,None,"[""dpd_max_6m"", ""loan_age_risk"", ""dpd_mean_6m""]",Auto-Approve,0.9999966621398926
122503670962,"{""next_3m_delinquency_flag"": 0.004848815035074949, ""next_6m_delinquency_flag"": 0.004885133355855942, ""next_12m_default_flag"": 0.00041254126699641347, ""next_12m_prepayment_flag"": 0.2646007239818573}",Prepaid,0.06103969698659237,None,"[""credit_score"", ""amortisation_gap""]",Auto-Approve,0.9999974966049194
